mobile,firstName,lastName,package
2.54708E+11,Rita,Kiptoo,5120
793928485,Alex,Mutua,5120
733569097,Linda,Mwangi,3072
717706000,Peter,Mutua,3072
743035573,Ann,Otieno,1024
0t2s431243,Kevin,Kariuki,500
2.54774E+11,Linda,Kariuki,50
2.54792E+11,Daniel,Mutua,350
745707437,Irene,Mutua,100
718935148,Ann,Wambui,100
702264069,Cynthia,Mwangi,50
717708290,Samuel,Mwangi,100
2.54705E+11,Brian,Njoroge,3072
2.54742E+11,David,Achieng,50
2.54725E+11,Daniel,Kariuki,3072
2.54718E+11,John,Kiptoo,3072
716080996,David,Omondi,2048
723130082,Mary,Njoroge,500
721238660,Samuel,Omondi,5120
723771638,Cynthia,Korir,1024
2.54753E+11,Daniel,Kiptoo,500
723345953,Brian,Kiptoo,50
729778095,Samuel,Mutiso,100
712994028,Alex,Kariuki,200
710820779,Grace,Kariuki,50
735564887,Irene,Njoroge,100
790191600,Rita,Kiptoo,100
2.54796E+11,Rita,Kiptoo,5120
711242604,John,Njoroge,200
712955495,Brian,Njoroge,2048
2.54716E+11,Ann,Mutiso,500
729827277,David,Wambui,3072
2.54793E+11,John,Achieng,350
705711088,Rita,Otieno,2048
736576734,Rita,Otieno,500
p718626672,David,Kiptoo,100
744561403,Samuel,Odhiambo,1024
779231317,Grace,Njoroge,100
2.54772E+11,David,Mutiso,50
703272643,Jane,Korir,2048
2.54713E+11,David,Mwangi,100
720255202,Irene,Wambui,100
740655682,Samuel,Wambui,5120
2.54794E+11,Brian,Wambui,200
700698377,Kevin,Njoroge,3072
739562416,Linda,Mwangi,2048
704435862,Brian,Omondi,200
710777072,Linda,Ochieng,50
701043361,Kevin,Korir,500
2.54701E+11,Jane,Omondi,5120
743330780,Kevin,Kiptoo,3072
2.54796E+11,Jane,Korir,50
742966312,Brian,Mwangi,500
2.54799E+11,Samuel,Odhiambo,50
719840019,Ann,Achieng,50
728951998,Cynthia,Odhiambo,200
2.54795E+11,Jane,Ochieng,50
2.54724E+11,David,Mutiso,5120
2.54736E+11,Linda,Mutiso,1024
2.54703E+11,Daniel,Mutiso,3072
2.54796E+11,Daniel,Otieno,500
712115151,Kevin,Mutiso,3072
711367457,Kevin,Kariuki,5120
720258900,Brian,Odhiambo,1024
725240335,David,Otieno,100
728687847,Irene,Achieng,50
724699382,David,Kamau,100
794778045,David,Wambui,50
716408250,Daniel,Mwangi,50
726871151,Brian,Kariuki,1024
746542853,David,Kamau,200
7206365,Mary,Otieno,5120
2.54754E+11,Irene,Achieng,5120
2.54725E+11,Irene,Mutiso,50
2.54712E+11,Jane,Korir,500
709352586,Samuel,Mwangi,3072
746093418,Rita,Ochieng,200
733210269,Daniel,Wambui,5120
721691032,Alex,Ochieng,3072
743181600,Alex,Mutua,100
2.54743E+11,John,Otieno,100
729427833,Cynthia,Achieng,1024
798399679,Brian,Otieno,5120
2.54795E+11,David,Njoroge,2048
794513728,Samuel,Kiptoo,350
2.54723E+11,Grace,Njoroge,5120
254X19671311,Mary,Omondi,3072
756603048,Peter,Achieng,100
B735800632,Rita,Kiptoo,50
2.54724E+11,Peter,Kariuki,350
721149925,Irene,Kamau,100
2.54704E+11,Rita,Kiptoo,5120
709547425,Ann,Korir,350
720382340,Jane,Kamau,500
7442759,Cynthia,Kiptoo,1024
25471882,Jane,Korir,5120
778568179,Ann,Otieno,200
712156000,Kevin,Otieno,1024
702845120,Rita,Wambui,3072
706070839,Samuel,Mutiso,500
717919038,Peter,Wambui,350
2.54712E+11,Brian,Mwangi,2048
731128961,David,Ochieng,500
2.54799E+11,Irene,Kiptoo,5120
721453402,Samuel,Omondi,3072
2.54722E+11,Mary,Otieno,350
2.54728E+11,Samuel,Mutiso,2048
797653952,Peter,Otieno,50
716314848,Daniel,Odhiambo,350
0701G6r324,Daniel,Achieng,350
074549031R,Cynthia,Mutua,350
07924gG304,Brian,Achieng,100
727958840,Cynthia,Otieno,100
0T26X53481,Rita,Kariuki,50
2.5472E+11,Rita,Kiptoo,2048
754696286,Samuel,Mutiso,50
735580287,Grace,Njoroge,100
748155258,Kevin,Kariuki,1024
2.54706E+11,Ann,Achieng,200
718808126,Mary,Otieno,2048
07508c85h3,Alex,Ochieng,1024
751686792,David,Kariuki,5120
2.54701E+11,Irene,Kariuki,2048
2.54795E+11,Cynthia,Mutiso,200
731371005,Brian,Ochieng,350
793240165,Cynthia,Wambui,200
736716288,Jane,Kiptoo,50
2.54739E+11,Ann,Wambui,50
2.54796E+11,Kevin,Ochieng,2048
2.54752E+11,Daniel,Kiptoo,100
2.54713E+11,Jane,Mutiso,100
720152837,Daniel,Mutua,2048
2.54729E+11,Brian,Njoroge,5120
736724264,Irene,Mwangi,1024
731799377,Rita,Omondi,5120
756786394,Linda,Njoroge,500
2.54702E+11,Peter,Kariuki,2048
744173582,Mary,Kiptoo,1024
07f6647348,Peter,Mutiso,2048
2.54714E+11,Alex,Korir,350
745460945,Daniel,Mwangi,5120
714394418,Samuel,Achieng,350
719994811,David,Wambui,2048
2.54717E+11,Rita,Odhiambo,3072
2.54799E+11,Rita,Kiptoo,3072
2.54729E+11,Peter,Odhiambo,500
798241281,John,Achieng,5120
744809451,John,Wambui,50
2.54742E+11,David,Odhiambo,500
740717945,David,Achieng,350
771159534,Irene,Achieng,3072
773253755,Samuel,Korir,2048
717006950,David,Achieng,2048
2.54743E+11,Jane,Kiptoo,1024
700771994,Samuel,Korir,100
728172886,Irene,Odhiambo,2048
723062300,Grace,Ochieng,3072
756154889,John,Odhiambo,2048
706985474,Brian,Omondi,2048
748377481,Daniel,Ochieng,100
758405305,David,Mutua,100
07W778E146,Grace,Kiptoo,50
2.54712E+11,Linda,Kariuki,200
2.54714E+11,Samuel,Kamau,100
719797524,Kevin,Otieno,100
794,Daniel,Mutiso,5120
740780509,Alex,Kamau,5120
798534634,Mary,Otieno,2048
755951998,Kevin,Mutua,2048
721756907,Kevin,Wambui,5120
728345729,Irene,Otieno,100
2.54709E+11,Ann,Ochieng,100
704433717,Daniel,Njoroge,5120
2.54707E+11,Grace,Mutua,5120
0H2775555l,John,Korir,100
718218529,Jane,Korir,3072
791932550,Samuel,Omondi,100
2.5472E+11,David,Wambui,50
719415428,Cynthia,Omondi,5120
791892515,Jane,Achieng,5120
254775,John,Achieng,500
2.54742E+11,Alex,Wambui,500
710438269,Daniel,Mutiso,2048
795044881,Alex,Mwangi,2048
715241988,Jane,Kiptoo,50
704330080,David,Achieng,1024
2.54742E+11,Samuel,Mwangi,100
741963479,Kevin,Otieno,200
25471q520480,Linda,Odhiambo,350
702739491,John,Wambui,2048
2.54703E+11,Linda,Achieng,100
2.54709E+11,Samuel,Mutua,2048
254,Samuel,Omondi,2048
2.54776E+11,Samuel,Mwangi,50
797658613,Brian,Achieng,500
798879500,Peter,Kariuki,100
2.54723E+11,Grace,Omondi,1024
726192620,Irene,Kamau,100
2.54774E+11,Grace,Ochieng,2048
2.54747E+11,Peter,Kariuki,2048
793612306,Grace,Achieng,3072
701446600,Daniel,Kariuki,200
2.54725E+11,John,Omondi,1024
738221618,David,Korir,50
2.54776E+11,Brian,Kamau,200
254i10326250,Ann,Mwangi,3072
2.5472E+11,Ann,Wambui,2048
721144899,Peter,Kamau,100
2.54748E+11,Linda,Ochieng,500
722858229,Grace,Njoroge,50
798913029,Brian,Odhiambo,50
2.54728E+11,John,Achieng,100
703806336,Cynthia,Korir,100
732675687,Grace,Otieno,2048
743897755,Cynthia,Korir,1024
794406772,Irene,Odhiambo,50
725352782,Grace,Korir,50
749725289,Daniel,Kariuki,2048
730295980,Jane,Kamau,1024
2.54747E+11,Linda,Mutiso,50
719278433,Brian,Mwangi,100
771130674,Cynthia,Mwangi,3072
797486391,Daniel,Ochieng,200
0733y20195,David,Achieng,5120
721762729,Irene,Achieng,3072
709851966,Daniel,Ochieng,1024
737674356,David,Korir,50
254745,Peter,Ochieng,1024
2.54717E+11,Ann,Mwangi,5120
740883028,Alex,Kamau,1024
727169760,David,Mutiso,5120
2.54713E+11,Alex,Odhiambo,5120
2.54774E+11,Daniel,Omondi,5120
712584700,Linda,Odhiambo,100
7905225,Ann,Achieng,350
2.54731E+11,David,Mutiso,5120
705769896,Irene,Odhiambo,200
797406991,Linda,Mwangi,50
2.54719E+11,Ann,Achieng,50
719150136,Rita,Mutiso,50
700360764,Grace,Mwangi,3072
779962746,Irene,Omondi,500
705020737,Jane,Kariuki,2048
792912924,Rita,Omondi,3072
733328702,Brian,Mutiso,200
755203431,Mary,Mutua,2048
790595557,Linda,Mwangi,500
2.54735E+11,Irene,Kariuki,100
2.54798E+11,Cynthia,Ochieng,1024
754246805,Irene,Achieng,50
25472141K746,Daniel,Wambui,5120
728154980,Mary,Kariuki,50
71,Mary,Mwangi,100
740128769,John,Njoroge,3072
727458373,Peter,Achieng,500
74,Samuel,Ochieng,500
2.5477E+11,Brian,Mwangi,1024
727639446,Rita,Otieno,350
2.54712E+11,Linda,Korir,200
704205075,Rita,Kamau,5120
074580210Y,Brian,Ochieng,3072
751140717,Samuel,Achieng,500
797634813,Ann,Wambui,3072
2.54751E+11,Samuel,Achieng,3072
728326536,Ann,Mutua,200
706683992,David,Korir,200
2.54793E+11,Brian,Korir,2048
717725770,Samuel,Odhiambo,500
2.54707E+11,John,Kamau,350
794750115,Daniel,Njoroge,5120
718044567,Daniel,Kiptoo,200
732883017,Samuel,Korir,1024
712653640,Peter,Otieno,100
709632817,Cynthia,Odhiambo,1024
730663338,Cynthia,Kiptoo,100
701538934,John,Wambui,2048
770378184,Linda,Ochieng,200
700,Cynthia,Achieng,3072
709801158,David,Korir,50
712520722,Ann,Otieno,100
2.54725E+11,Kevin,Kariuki,500
748606049,John,Mutiso,500
797312463,Alex,Kamau,50
2.54725E+11,Alex,Kamau,100
713731326,Grace,Kariuki,1024
797759551,Brian,Omondi,5120
748288349,Grace,Mutua,350
2.54721E+11,Irene,Mutiso,200
2.54707E+11,Peter,Korir,50
703978039,Grace,Wambui,3072
732392995,Rita,Kariuki,1024
701366028,Peter,Ochieng,200
2.54793E+11,Mary,Kiptoo,3072
715262608,Rita,Achieng,5120
793496901,Linda,Omondi,1024
791200618,Mary,Kariuki,50
2.5473E+11,Linda,Wambui,350
723779762,Samuel,Ochieng,500
755911657,Rita,Mutiso,50
2.54745E+11,Brian,Kamau,1024
725726098,Kevin,Korir,1024
716872804,Alex,Kariuki,2048
747404443,Linda,Achieng,2048
721366423,Mary,Njoroge,100
721145307,Mary,Kariuki,350
717157467,Peter,Kariuki,350
772724985,Irene,Omondi,2048
746458255,Jane,Korir,2048
747010908,Irene,Mutua,1024
25479637217S,Brian,Kiptoo,1024
2.54723E+11,Mary,Kamau,500
2.54798E+11,Kevin,Achieng,5120
0Q94859232,Kevin,Achieng,3072
2.54746E+11,Mary,Mwangi,100
779375036,Peter,Mutua,1024
705589401,John,Mwangi,1024
723240428,David,Wambui,100
742217595,David,Kamau,350
744439331,Brian,Odhiambo,100
744985065,Peter,Mwangi,100
727197646,Daniel,Mutiso,100
2.54711E+11,Brian,Omondi,100
2.54721E+11,Cynthia,Mwangi,100
790451337,John,Korir,5120
7194,Alex,Achieng,1024
704933426,Alex,Otieno,50
740825160,Irene,Kariuki,1024
700625555,Kevin,Odhiambo,350
799519480,Samuel,Odhiambo,2048
797890402,Brian,Kamau,2048
754935173,Samuel,Mwangi,3072
725287403,Jane,Otieno,350
727884523,Rita,Mutua,1024
2.54708E+11,Mary,Korir,350
2547,John,Odhiambo,350
2.54728E+11,John,Otieno,50
2.54715E+11,David,Ochieng,100
745603739,Mary,Kariuki,2048
705618369,Brian,Kamau,50
719470571,Brian,Wambui,100
07020Y542O,Grace,Achieng,200
734974855,Samuel,Korir,500
795786224,Jane,Odhiambo,2048
790207401,Daniel,Kariuki,3072
796463263,David,Achieng,5120
707736240,Samuel,Odhiambo,350
7431089,Rita,Korir,1024
07788Q2851,Grace,Wambui,200
2.5478E+11,Irene,Mutiso,2048
2.548E+11,Alex,Ochieng,5120
708364156,Kevin,Njoroge,200
718282594,Daniel,Kiptoo,5120
757941557,Brian,Achieng,100
2.54747E+11,Samuel,Kariuki,1024
734334309,Linda,Kiptoo,100
703614486,David,Mutua,350
797,Alex,Achieng,50
0721Nb7066,Mary,Kariuki,200
707827202,Brian,Njoroge,1024
792531568,Brian,Mutiso,5120
2.54732E+11,Kevin,Mwangi,2048
2.54724E+11,Brian,Mwangi,1024
706713734,Alex,Achieng,50
707197173,Mary,Odhiambo,50
2.54724E+11,Daniel,Kariuki,3072
2.5475E+11,Irene,Omondi,2048
2.54709E+11,Linda,Kariuki,100
2.54715E+11,Irene,Mutua,5120
715512552,Grace,Mutiso,50
718457632,Ann,Omondi,1024
2.54732E+11,Brian,Mwangi,200
747071961,Daniel,Mutua,5120
747161463,Mary,Njoroge,50
2.54702E+11,Cynthia,Wambui,3072
798513302,Samuel,Wambui,500
7008268,Linda,Njoroge,5120
751569020,Ann,Odhiambo,5120
730108918,Daniel,Kamau,500
798973240,Daniel,Achieng,500
706608228,Rita,Kiptoo,1024
j5d797204604,Irene,Kamau,350
740496750,Jane,Kamau,1024
2.54798E+11,Grace,Odhiambo,2048
2.547E+11,Cynthia,Achieng,1024
2.54701E+11,Cynthia,Mwangi,5120
796036859,Brian,Mutua,50
2.54746E+11,Daniel,Mutua,5120
700063579,Kevin,Kiptoo,3072
711309434,Cynthia,Mutua,2048
2.54797E+11,Jane,Otieno,5120
2.54773E+11,Irene,Njoroge,3072
749664962,Daniel,Otieno,100
712246362,David,Ochieng,3072
2.54704E+11,Ann,Mutua,2048
Ys41049110,Daniel,Kariuki,3072
2.5473E+11,Ann,Ochieng,200
726689219,Irene,Achieng,100
703977529,Rita,Otieno,5120
2.54796E+11,John,Otieno,50
771495185,Ann,Mutiso,350
2.54748E+11,Grace,Achieng,5120
2.54718E+11,Irene,Mutua,100
254V02714886,Grace,Njoroge,200
2.54719E+11,David,Korir,2048
2.54746E+11,Mary,Kariuki,50
703892482,Irene,Omondi,500
2.5472E+11,John,Kamau,350
729081792,Samuel,Kiptoo,2048
718325856,Jane,Mutiso,100
25x719063605,Peter,Otieno,1024
2.54724E+11,Jane,Njoroge,500
2.54745E+11,Kevin,Mutiso,3072
25474337,Ann,Mutua,200
704189086,Brian,Otieno,5120
791525033,Daniel,Ochieng,200
7291048,Irene,Kiptoo,200
k712217230,Kevin,Njoroge,100
796261589,Rita,Omondi,1024
715741989,Linda,Mwangi,200
723686373,Daniel,Mutua,50
721796447,Ann,Omondi,100
796401074,David,Kiptoo,3072
708530852,Linda,Wambui,5120
790327869,Jane,Korir,3072
2.54701E+11,Cynthia,Odhiambo,3072
793207817,John,Ochieng,2048
723299761,Ann,Omondi,500
720598041,Rita,Otieno,200
2.54771E+11,David,Ochieng,500
729785766,Jane,Njoroge,50
720798,Samuel,Otieno,2048
738566485,Cynthia,Otieno,200
705667145,Daniel,Korir,2048
792834877,Alex,Njoroge,3072
794543945,Ann,Kamau,5120
714709744,Linda,Kamau,100
70,Ann,Mutua,350
737543929,John,Njoroge,3072
2.54712E+11,Samuel,Mwangi,350
2.54736E+11,Cynthia,Mwangi,100
707673966,Grace,Mutiso,350
798770433,Ann,Ochieng,1024
724901746,Rita,Kariuki,500
v716096720,David,Achieng,3072
746860267,David,Omondi,350
794100593,Jane,Kariuki,350
25474119F184,Irene,Odhiambo,2048
795710510,Samuel,Njoroge,100
2.54706E+11,Kevin,Korir,500
2.54706E+11,Samuel,Korir,50
2.54759E+11,Brian,Achieng,3072
2.54778E+11,David,Odhiambo,2048
0G20507259,Samuel,Wambui,2048
754644230,Peter,Kiptoo,2048
2.548E+11,Peter,Mutua,5120
742378525,Cynthia,Mutua,3072
776396388,Brian,Kamau,350
741185453,Rita,Korir,5120
741911898,John,Korir,5120
2.54799E+11,Kevin,Mwangi,3072
721638397,Jane,Mutua,350
701927718,Alex,Mutiso,200
2.54715E+11,Brian,Ochieng,500
792748455,Brian,Mutua,350
704874770,Daniel,Omondi,5120
708716092,Ann,Njoroge,1024
2.54777E+11,Rita,Mutiso,1024
2.54706E+11,Alex,Achieng,3072
2.54772E+11,Ann,Achieng,100
2.54707E+11,John,Mutiso,1024
702068831,Brian,Mwangi,3072
738020595,John,Mutiso,50
2.54716E+11,Alex,Mwangi,5120
706009769,John,Otieno,1024
791895212,Samuel,Mutiso,1024
707678051,Rita,Korir,350
2.54791E+11,Peter,Achieng,200
746191856,Kevin,Achieng,2048
2.54747E+11,Linda,Otieno,5120
2547,John,Kiptoo,5120
254723,Mary,Otieno,200
722220909,Irene,Omondi,2048
2.54719E+11,Jane,Mutua,5120
791607503,Kevin,Kiptoo,350
07l6916153,Brian,Mutua,350
724680200,Ann,Kiptoo,100
700503639,Linda,Njoroge,100
706310664,Linda,Otieno,350
733305898,Kevin,Mwangi,1024
2547088,Alex,Mutua,50
797869192,Daniel,Mwangi,350
795062834,Ann,Mwangi,50
703794395,Grace,Achieng,100
2.54745E+11,Alex,Kariuki,500
2.54718E+11,Rita,Wambui,350
719880221,Kevin,Kamau,2048
721682533,John,Kariuki,350
2.54704E+11,John,Otieno,100
720198464,Kevin,Kiptoo,5120
2.54708E+11,Peter,Otieno,5120
2.5475E+11,Cynthia,Odhiambo,500
723469691,Jane,Korir,100
711117993,Mary,Kamau,5120
2.54771E+11,Ann,Achieng,350
2.54728E+11,David,Njoroge,50
703370057,John,Omondi,3072
0701023A98,Samuel,Achieng,100
702556377,Daniel,Kamau,2048
791200912,Daniel,Korir,3072
717548665,Rita,Wambui,500
2.54726E+11,John,Kariuki,2048
743973540,John,Njoroge,3072
2.54714E+11,Mary,Ochieng,200
729448626,Jane,Odhiambo,5120
728169637,Rita,Korir,50
713100982,Mary,Achieng,200
745515750,Mary,Mwangi,350
2.54715E+11,Kevin,Achieng,5120
254773,Grace,Njoroge,200
2547,Linda,Kariuki,100
745587040,Jane,Mutiso,5120
705217121,Ann,Mutua,500
748602863,Daniel,Omondi,1024
715447537,Peter,Odhiambo,500
2.54706E+11,David,Kamau,2048
754604755,Cynthia,Ochieng,2048
2.548E+11,Kevin,Odhiambo,100
2547,John,Mwangi,350
741263651,Linda,Achieng,500
796795358,Linda,Ochieng,100
703436024,Daniel,Odhiambo,5120
2.54701E+11,Linda,Omondi,350
799397517,Mary,Mwangi,350
708568873,Linda,Odhiambo,5120
710625406,Irene,Mwangi,50
2.54751E+11,Grace,Njoroge,100
708514192,Rita,Kamau,1024
735027081,Rita,Kiptoo,500
2.54711E+11,Cynthia,Mwangi,3072
734708301,David,Kariuki,50
777907960,Jane,Wambui,500
731539451,Rita,Mutua,500
756903260,Daniel,Otieno,3072
706667227,Kevin,Kiptoo,350
25473,Brian,Odhiambo,5120
701724442,Samuel,Njoroge,2048
752797824,Peter,Kariuki,1024
724950,Brian,Kariuki,50
2.54799E+11,Daniel,Mwangi,5120
728985706,Cynthia,Mwangi,50
2.54717E+11,Ann,Otieno,2048
070r14522K,John,Omondi,350
700905926,Irene,Omondi,200
729446377,Ann,Njoroge,200
705396905,Ann,Otieno,350
2.54798E+11,Peter,Mutua,500
2.54712E+11,Daniel,Odhiambo,3072
2.5475E+11,Cynthia,Mutiso,350
2.54748E+11,Peter,Ochieng,3072
2.5471E+11,Kevin,Ochieng,350
728182879,Grace,Wambui,100
726846068,Kevin,Mwangi,200
7088415,Cynthia,Achieng,2048
730895866,Brian,Kamau,1024
0745206A78,Cynthia,Korir,500
740056914,Daniel,Kiptoo,1024
736488782,Alex,Mwangi,3072
722781717,Brian,Wambui,200
2.54746E+11,Alex,Ochieng,5120
774186108,Jane,Mwangi,500
2.54798E+11,Samuel,Wambui,1024
2.54707E+11,Linda,Njoroge,2048
2.54771E+11,Cynthia,Kamau,50
796580862,Grace,Ochieng,100
2.54707E+11,Peter,Omondi,350
2.54741E+11,Cynthia,Mutiso,50
2.54716E+11,Jane,Mutua,3072
715119971,Samuel,Achieng,200
707639199,Ann,Odhiambo,200
742212572,Peter,Omondi,350
723916553,Samuel,Odhiambo,2048
753643221,Rita,Mwangi,2048
798122058,David,Wambui,2048
744667769,Alex,Mwangi,200
758541293,Irene,Ochieng,200
741304442,Rita,Njoroge,200
795108367,Grace,Njoroge,2048
2.5473E+11,Alex,Otieno,350
2.54732E+11,Brian,Mwangi,5120
722228951,Peter,Otieno,3072
713719801,Ann,Kamau,50
254757,Linda,Kariuki,100
2.5471E+11,Cynthia,Otieno,2048
2.54708E+11,Ann,Omondi,50
797771861,Ann,Ochieng,2048
2.54728E+11,Peter,Mutua,50
770955352,Rita,Achieng,5120
2.54792E+11,Samuel,Ochieng,200
727787915,Alex,Achieng,500
2.54701E+11,Rita,Njoroge,2048
707695043,Kevin,Mutua,500
717510841,Grace,Achieng,500
2.54734E+11,Mary,Korir,100
2547Z48488j2,John,Omondi,500
713212509,Brian,Omondi,2048
798315788,Rita,Omondi,2048
2.54717E+11,Cynthia,Otieno,3072
2.54725E+11,Linda,Mutua,100
744439173,Jane,Otieno,350
712294154,Jane,Kamau,3072
714705367,Rita,Korir,50
7495,Samuel,Omondi,5120
2.5474E+11,Peter,Ochieng,100
725946735,Ann,Kiptoo,3072
729238507,Linda,Mutiso,2048
t756819J58,Peter,Otieno,2048
740905050,Peter,Korir,1024
2547,Cynthia,Kariuki,200
2.54712E+11,Jane,Mwangi,3072
708389603,Peter,Mutiso,200
706363295,Grace,Omondi,50
2.54792E+11,Brian,Kariuki,3072
25473427,John,Njoroge,1024
2.54726E+11,Brian,Kariuki,5120
2.5473E+11,David,Omondi,1024
743231707,Brian,Otieno,350
734062178,Ann,Achieng,5120
2.54753E+11,Linda,Kamau,5120
07Y66086s2,Brian,Mwangi,1024
731926666,Alex,Mutiso,1024
743832360,Cynthia,Kariuki,500
2.54792E+11,Samuel,Otieno,100
749101966,Brian,Mutiso,100
749008015,Ann,Kamau,500
2.54702E+11,Rita,Wambui,350
703237848,Daniel,Ochieng,3072
743182055,Mary,Kiptoo,50
748754729,Samuel,Wambui,2048
748094896,Brian,Kiptoo,3072
2.54727E+11,Kevin,Achieng,3072
746434315,John,Odhiambo,1024
2.54717E+11,Mary,Kariuki,5120
793788844,Irene,Otieno,200
2.54738E+11,Linda,Otieno,5120
731155656,Irene,Mwangi,500
726690239,Rita,Kariuki,100
2.54744E+11,David,Korir,100
2.54798E+11,Irene,Njoroge,500
2.54705E+11,Alex,Mwangi,3072
795081872,Irene,Odhiambo,100
2.54796E+11,Brian,Njoroge,1024
2.54797E+11,Jane,Omondi,1024
796677829,Samuel,Odhiambo,500
720467479,Irene,Mwangi,350
704135865,Alex,Mutua,200
2.54714E+11,Brian,Korir,50
2.54701E+11,Grace,Odhiambo,50
2.548E+11,Samuel,Mutua,100
722845455,Ann,Omondi,1024
719611319,Brian,Ochieng,2048
791769544,Grace,Achieng,50
713046908,Ann,Odhiambo,50
750282631,Mary,Kariuki,200
705850916,Samuel,Wambui,100
705173293,David,Achieng,5120
732249970,Jane,Mutiso,2048
790992342,Alex,Wambui,1024
703769281,Rita,Wambui,2048
07L040448i,Grace,Omondi,50
2.54797E+11,Cynthia,Achieng,350
704276769,Ann,Omondi,50
723074187,Daniel,Kamau,1024
743485493,Alex,Omondi,5120
748505316,Daniel,Odhiambo,3072
703872238,Rita,Mwangi,500
25471i9631P7,Daniel,Odhiambo,2048
2.54747E+11,Peter,Wambui,5120
717249062,David,Kariuki,2048
751731290,John,Mutiso,100
795416311,Rita,Wambui,500
70144,Mary,Kariuki,3072
2.54735E+11,Rita,Mutua,3072
790122968,Samuel,Kiptoo,100
754363476,Alex,Mwangi,100
25473091kq73,Cynthia,Kiptoo,3072
075F781158,Cynthia,Otieno,5120
700760872,Ann,Mwangi,500
2.54717E+11,Irene,Mwangi,100
2.54793E+11,Daniel,Wambui,500
2.5475E+11,Linda,Kiptoo,500
726400465,Ann,Wambui,200
714916900,Cynthia,Kariuki,50
706890231,Samuel,Kariuki,500
729007258,Kevin,Kariuki,100
744549711,Jane,Kiptoo,50
727091676,David,Mwangi,5120
757849811,Linda,Wambui,350
716617949,Rita,Mutiso,5120
2.54718E+11,Peter,Korir,100
711042951,David,Odhiambo,100
2.54731E+11,Jane,Mutua,100
2.54729E+11,Grace,Njoroge,500
725966567,Linda,Mutua,1024
745910819,John,Njoroge,1024
729706942,Brian,Kariuki,3072
773794223,Ann,Wambui,3072
722989633,Brian,Kariuki,3072
733719071,David,Kiptoo,3072
0736K30134,Grace,Odhiambo,2048
703682917,Mary,Mutiso,50
709472451,Rita,Odhiambo,2048
735054179,Ann,Ochieng,500
795751203,Ann,Mutua,100
2.5475E+11,Linda,Mutiso,200
2.54741E+11,Linda,Njoroge,2048
704089182,Rita,Kamau,3072
2.54729E+11,Linda,Omondi,1024
798783223,Peter,Odhiambo,5120
2.54729E+11,Alex,Kiptoo,2048
2.54705E+11,Ann,Njoroge,5120
2.54705E+11,Cynthia,Kariuki,5120
703155851,Alex,Omondi,350
746614741,Grace,Ochieng,5120
2.54702E+11,Linda,Wambui,50
2.54745E+11,Daniel,Kiptoo,3072
716076065,Peter,Mutiso,100
795074317,Samuel,Mutua,3072
2.54794E+11,Mary,Otieno,200
742359096,David,Korir,50
742211811,Linda,Korir,50
2.54713E+11,Alex,Korir,3072
2.5472E+11,Grace,Achieng,3072
2.54729E+11,Rita,Mutiso,200
2.54729E+11,John,Achieng,500
703837261,David,Kiptoo,3072
749849084,Peter,Mwangi,350
2.54744E+11,John,Otieno,350
2.5479E+11,Ann,Njoroge,5120
713362813,Jane,Ochieng,2048
727566444,David,Mwangi,500
715352832,Grace,Kamau,3072
796045789,Cynthia,Achieng,350
749124740,Jane,Wambui,1024
744322989,Samuel,Mutiso,50
727632109,David,Odhiambo,3072
2.54758E+11,David,Odhiambo,350
722908874,Linda,Omondi,200
728418005,Grace,Mutiso,200
704454324,Ann,Ochieng,1024
74476,Mary,Ochieng,350
720293888,Linda,Ochieng,2048
708468644,Irene,Korir,3072
711463458,Mary,Ochieng,5120
723326526,Jane,Kiptoo,1024
2.54749E+11,Jane,Kamau,200
7193492,Rita,Achieng,3072
2.54777E+11,Peter,Kariuki,100
797659525,Ann,Otieno,2048
791404362,Kevin,Mutiso,50
2.54725E+11,Samuel,Odhiambo,5120
711565511,Jane,Wambui,50
2.54792E+11,Samuel,Kiptoo,1024
720006219,Ann,Kariuki,3072
747513842,Peter,Omondi,5120
747024831,Mary,Mwangi,2048
714083613,Irene,Korir,100
777309332,David,Omondi,500
791868395,Ann,Kamau,50
2.54746E+11,Grace,Kiptoo,200
722996596,Samuel,Njoroge,200
741169738,Grace,Kiptoo,500
724793857,Alex,Kariuki,5120
706527176,Linda,Wambui,200
792705506,Kevin,Kamau,500
720504216,Daniel,Mwangi,350
704778547,Daniel,Mutiso,350
796880550,Alex,Mwangi,350
731285630,Samuel,Kiptoo,3072
770640791,Samuel,Njoroge,200
720,Grace,Odhiambo,500
707386818,Brian,Omondi,500
745167571,Kevin,Ochieng,500
2.5475E+11,Kevin,Kamau,5120
758942103,Kevin,Kamau,50
2.54757E+11,Samuel,Kamau,3072
708688737,Linda,Wambui,100
732192616,Samuel,Kariuki,1024
752419127,Daniel,Mutua,350
709399059,Grace,Njoroge,3072
2.54704E+11,Daniel,Achieng,5120
2.54798E+11,Alex,Achieng,350
707051120,Brian,Kamau,200
711,Kevin,Kariuki,200
702006153,Cynthia,Ochieng,200
0710266R98,Kevin,Njoroge,5120
2.54752E+11,Ann,Kiptoo,200
706533125,Jane,Njoroge,100
773023854,Irene,Omondi,1024
791092577,Brian,Achieng,5120
746203807,David,Mutua,50
2.5473E+11,John,Mwangi,200
2.54709E+11,Grace,Mutua,500
794832681,Daniel,Korir,350
716559113,Grace,Kariuki,350
707759347,Irene,Achieng,100
790149027,Linda,Wambui,100
797103484,Cynthia,Kariuki,350
r731716162,Cynthia,Odhiambo,500
730258121,John,Kamau,50
2547247f4252,Linda,Omondi,2048
716864654,Rita,Ochieng,500
714916389,Brian,Ochieng,1024
727228490,Cynthia,Korir,5120
703122327,Grace,Ochieng,2048
714718543,David,Korir,5120
720847344,Mary,Korir,100
772813215,Irene,Omondi,50
706305464,Cynthia,Mwangi,500
2.54778E+11,Alex,Kariuki,350
795853558,Kevin,Ochieng,350
715271688,Linda,Mutua,5120
744273907,Daniel,Kamau,500
718833658,Samuel,Ochieng,200
716691985,Ann,Kariuki,2048
2.54756E+11,Daniel,Kamau,2048
747366930,Peter,Kamau,100
2.54757E+11,Irene,Otieno,500
79,Rita,Kamau,100
2.548E+11,Linda,Otieno,500
722820112,David,Kiptoo,500
71,Alex,Odhiambo,100
716769485,Kevin,Mutiso,1024
729435029,Peter,Mutiso,5120
795065361,Daniel,Mwangi,200
2.54707E+11,Mary,Kariuki,2048
2.54701E+11,Cynthia,Wambui,350
73,Samuel,Mutua,200
2.54756E+11,Jane,Mutiso,100
07B7839939,Cynthia,Korir,50
799455334,Linda,Kamau,500
2.547E+11,Brian,Otieno,500
2.54702E+11,David,Achieng,50
797087898,Alex,Wambui,500
700978646,Grace,Mutua,1024
796932716,Cynthia,Mutiso,100
75,Irene,Wambui,100
2.54747E+11,Kevin,Omondi,3072
2.54799E+11,Alex,Kariuki,350
2.54706E+11,Irene,Kiptoo,350
2.54721E+11,Jane,Mwangi,200
797259298,Ann,Otieno,5120
730241851,Brian,Odhiambo,350
792138556,Linda,Mutiso,3072
741819860,Peter,Kamau,50
713243570,Alex,Wambui,5120
745450782,Mary,Odhiambo,5120
746072346,Alex,Kiptoo,350
2.54718E+11,Samuel,Mwangi,200
2.54714E+11,John,Omondi,3072
2.54743E+11,Linda,Otieno,350
2.54745E+11,Jane,Kiptoo,100
737033762,Kevin,Mutiso,5120
712822264,John,Korir,500
2.54749E+11,Peter,Mutua,3072
715,Kevin,Mutua,50
793308420,Daniel,Odhiambo,50
2.54775E+11,Peter,Kiptoo,350
D715913768,Alex,Kiptoo,5120
70426,Rita,Mutua,50
725523845,Cynthia,Odhiambo,1024
798274274,Mary,Omondi,50
2.54749E+11,Brian,Otieno,2048
2.54723E+11,Samuel,Kamau,50
2.5476E+11,Ann,Kamau,3072
755444651,David,Mutiso,500
2.54703E+11,Kevin,Kariuki,100
740857517,Grace,Mutua,350
770520325,Samuel,Ochieng,3072
706163818,Cynthia,Kiptoo,500
2.54772E+11,John,Wambui,500
724107201,Alex,Mutiso,100
710967293,Rita,Achieng,350
718669590,Daniel,Odhiambo,200
758061580,Mary,Achieng,50
778594164,Mary,Mutua,2048
2.54704E+11,Rita,Kiptoo,350
778,Grace,Wambui,500
792866092,Grace,Wambui,200
722120232,Samuel,Ochieng,50
2.54736E+11,Mary,Mutua,200
2.54719E+11,David,Njoroge,5120
779267911,Irene,Kariuki,200
795630909,Jane,Ochieng,50
2.54708E+11,Irene,Odhiambo,3072
2.54777E+11,Samuel,Njoroge,1024
706110813,Rita,Odhiambo,2048
2.54702E+11,Peter,Achieng,5120
2.54794E+11,Jane,Njoroge,350
798952070,Cynthia,Kamau,50
724984882,Ann,Achieng,50
727413699,Irene,Omondi,2048
2.54713E+11,Rita,Korir,5120
743790658,John,Mwangi,100
2.54704E+11,Rita,Achieng,500
712872612,Ann,Omondi,500
2.5479E+11,Alex,Njoroge,100
729731471,Grace,Kiptoo,500
731438652,Kevin,Kariuki,200
795101046,Samuel,Korir,50
2.54725E+11,Irene,Wambui,350
799724434,Samuel,Kamau,350
716663489,Irene,Otieno,500
749326568,Alex,Omondi,500
2.54734E+11,Rita,Mwangi,200
2.54702E+11,Mary,Mwangi,50
796188754,Cynthia,Njoroge,500
2.54718E+11,Mary,Kariuki,1024
773377037,Kevin,Kariuki,2048
792276747,Jane,Mutua,5120
2.54796E+11,Kevin,Kiptoo,3072
797800939,Peter,Achieng,1024
2.54744E+11,Ann,Kariuki,3072
2.54791E+11,Cynthia,Kamau,100
2.54729E+11,Rita,Kariuki,50
2.54796E+11,Alex,Njoroge,3072
749566670,Cynthia,Otieno,1024
742851289,David,Mutua,500
2.54753E+11,Irene,Mutiso,100
796497887,Ann,Kariuki,100
725655383,David,Odhiambo,500
2.54794E+11,Grace,Ochieng,100
712087332,Linda,Kiptoo,100
721231175,Ann,Kiptoo,1024
746509771,Cynthia,Njoroge,5120
2.54758E+11,Peter,Odhiambo,500
2.54799E+11,John,Kamau,1024
o71060O510,Linda,Kiptoo,500
795981828,Samuel,Achieng,350
770557618,Brian,Ochieng,100
2.54724E+11,Mary,Ochieng,500
715386979,Cynthia,Ochieng,1024
2.548E+11,Rita,Odhiambo,1024
2.54704E+11,Jane,Mutiso,1024
2.54756E+11,Mary,Wambui,2048
702788849,Linda,Mwangi,50
2.54721E+11,Samuel,Mutua,1024
072899110M,Kevin,Mutua,2048
739385052,Rita,Kiptoo,350
750846111,Brian,Mutua,1024
749778004,Linda,Njoroge,3072
723314816,Cynthia,Mutua,1024
700735051,Jane,Wambui,100
742272521,Rita,Wambui,200
791276083,Ann,Kamau,350
2.54791E+11,Irene,Ochieng,5120
715718818,Cynthia,Wambui,5120
792827448,David,Kamau,2048
2.54741E+11,Rita,Mutua,5120
737418901,Alex,Kiptoo,5120
b74w006474,Mary,Korir,500
721943563,David,Achieng,1024
735112916,John,Kiptoo,3072
756573187,David,Otieno,350
2.54799E+11,Cynthia,Mwangi,1024
795887049,Alex,Wambui,350
X75n896665,Grace,Omondi,50
790095279,David,Kiptoo,3072
2.5474E+11,David,Mutiso,3072
072Z227450,Linda,Ochieng,500
753992132,Rita,Kariuki,100
2.54718E+11,Irene,Njoroge,1024
795492843,Linda,Wambui,350
722694,Mary,Kiptoo,200
2.54728E+11,Mary,Ochieng,2048
708430044,David,Wambui,3072
70,Cynthia,Njoroge,5120
773771144,John,Achieng,3072
749126546,Linda,Kariuki,5120
2.5479E+11,John,Kamau,3072
791330990,Irene,Omondi,1024
754162168,Samuel,Korir,1024
254E31119993,Grace,Korir,3072
074755364Y,Rita,Wambui,200
717803950,Brian,Achieng,100
7104240,Linda,Wambui,500
704189620,Irene,Mwangi,500
773108550,Mary,Odhiambo,2048
2.5475E+11,Kevin,Korir,2048
2.54717E+11,Ann,Ochieng,5120
254746,Brian,Mwangi,5120
792667000,Peter,Njoroge,2048
721333804,Irene,Kariuki,50
750128497,Daniel,Otieno,3072
2.54746E+11,Grace,Njoroge,3072
747970798,Daniel,Kiptoo,1024
2.54719E+11,Cynthia,Otieno,500
2.54716E+11,Brian,Ochieng,1024
2.54743E+11,Samuel,Kariuki,5120
71,Grace,Korir,50
749582888,Ann,Achieng,200
727617944,Ann,Otieno,50
720928444,John,Njoroge,100
716972080,Alex,Mutua,2048
735044799,Irene,Korir,3072
721944933,Irene,Achieng,500
797157914,Daniel,Njoroge,200
718540088,Irene,Kiptoo,500
2.54796E+11,John,Wambui,50
743916343,Ann,Njoroge,1024
796883183,Cynthia,Otieno,1024
702614080,Jane,Omondi,1024
2.54709E+11,Daniel,Kamau,100
2.54749E+11,Rita,Korir,3072
773653379,Peter,Otieno,5120
725779299,Kevin,Wambui,2048
2.54739E+11,Samuel,Kiptoo,200
743559212,Alex,Mwangi,100
724674711,Irene,Kariuki,100
709864130,Kevin,Ochieng,350
718765495,Ann,Korir,100
2.54709E+11,Grace,Mwangi,100
728201389,Kevin,Wambui,3072
716839292,Jane,Mutiso,1024
791780577,David,Kamau,2048
733363324,Samuel,Odhiambo,1024
708492961,Irene,Omondi,50
2.5478E+11,Kevin,Wambui,500
715360575,Rita,Odhiambo,2048
704155206,Brian,Mwangi,500
775664084,Linda,Wambui,100
733859967,Rita,Mutua,500
729425450,Brian,Mutua,350
2.54742E+11,Ann,Otieno,500
2.54772E+11,Mary,Omondi,5120
704497808,Ann,Kariuki,500
7246017,Grace,Korir,100
745463871,Brian,Njoroge,50
2.54727E+11,Alex,Omondi,3072
777091357,Cynthia,Otieno,2048
2.54705E+11,Rita,Wambui,100
759592652,Daniel,Mutiso,3072
742722639,John,Ochieng,5120
715880028,Daniel,Kariuki,50
716611453,Mary,Mwangi,500
722378083,Linda,Kamau,100
708664313,John,Wambui,2048
708365562,Mary,Wambui,50
2.54729E+11,Kevin,Achieng,3072
750034278,Alex,Korir,1024
725516789,Irene,Mutiso,500
2.547E+11,Daniel,Wambui,5120
0719y93z69,Grace,Achieng,3072
2.54745E+11,Irene,Ochieng,350
796795612,Daniel,Wambui,200
795886231,Brian,Ochieng,1024
733478274,Samuel,Kamau,50
79927,John,Wambui,50
727503801,Brian,Mutua,500
742795694,Grace,Mwangi,500
2.54798E+11,Irene,Wambui,50
2.54729E+11,Daniel,Mutua,200
2.54721E+11,Samuel,Kiptoo,2048
720776882,Alex,Ochieng,100
726807523,Brian,Omondi,100
740054258,Peter,Mutua,200
755036260,Grace,Otieno,1024
790940997,David,Mwangi,350
2.54739E+11,John,Kamau,5120
2.54758E+11,Ann,Njoroge,3072
776870180,Ann,Njoroge,500
734340872,Rita,Kamau,350
2.54721E+11,John,Njoroge,5120
747964449,David,Mutua,500
2.54717E+11,Linda,Mutua,50
793905808,Jane,Kariuki,5120
2.54726E+11,Mary,Mwangi,1024
2.54744E+11,Samuel,Korir,500
75,Linda,Mwangi,2048
744081916,David,Kiptoo,50
729334963,Alex,Njoroge,3072
702848774,John,Kiptoo,200
745887574,Cynthia,Kiptoo,500
2.54721E+11,Alex,Mutiso,350
733417085,Cynthia,Njoroge,5120
729775,Grace,Korir,2048
2.5471E+11,John,Ochieng,3072
740482157,Alex,Korir,500
756283438,Brian,Mutiso,50
2.54725E+11,Ann,Kamau,1024
794658996,Ann,Omondi,350
714752901,Irene,Achieng,200
702043374,Mary,Mwangi,500
25479,John,Mutiso,100
2.54716E+11,David,Otieno,50
25471178A991,Daniel,Mwangi,100
717605195,Alex,Wambui,500
2.54772E+11,Rita,Achieng,350
2.5479E+11,Jane,Mwangi,350
2.54798E+11,Peter,Wambui,5120
727176981,Irene,Omondi,2048
715227948,Jane,Mutua,50
797625,John,Mutua,350
796208754,John,Achieng,200
797353263,Alex,Mutiso,350
702010039,Daniel,Kamau,100
757042419,Kevin,Otieno,50
753820531,Kevin,Wambui,200
706782586,Ann,Kariuki,200
799165181,Samuel,Njoroge,200
744765340,Irene,Mwangi,500
723396906,Jane,Korir,50
711026185,John,Mutiso,500
7979763,David,Njoroge,1024
2.54796E+11,Jane,Achieng,3072
2.5471E+11,Alex,Korir,1024
2.54756E+11,Kevin,Kariuki,1024
718102262,John,Odhiambo,1024
2.54733E+11,Ann,Ochieng,2048
715983325,Linda,Mutiso,500
796681173,John,Njoroge,3072
715801077,Cynthia,Otieno,3072
2.54708E+11,Cynthia,Mutua,50
706380882,Daniel,Mutua,350
716334029,David,Kariuki,50
2.54797E+11,David,Kiptoo,5120
743235839,Cynthia,Kiptoo,1024
794141581,Grace,Otieno,1024
2.54753E+11,Ann,Mutua,200
741008412,Mary,Wambui,50
254724356z87,David,Achieng,500
711251861,Grace,Otieno,5120
711133466,Brian,Omondi,50
2.54716E+11,Alex,Korir,500
727724601,Samuel,Omondi,2048
V737448876,Peter,Ochieng,500
796346175,Rita,Achieng,1024
726149798,Kevin,Odhiambo,500
2.5473E+11,Kevin,Njoroge,1024
742208981,Irene,Mutiso,350
254741L24t26,Samuel,Otieno,1024
2547,Kevin,Njoroge,50
2.54747E+11,Jane,Korir,500
2.54796E+11,Linda,Kariuki,100
722608265,Irene,Korir,350
719676161,Mary,Mwangi,500
7401888,Kevin,Ochieng,100
2.547E+11,Peter,Otieno,350
727358527,Brian,Omondi,100
706101159,Cynthia,Kamau,500
711035378,Daniel,Kariuki,1024
2.54732E+11,Alex,Kariuki,5120
2547227324L0,John,Mwangi,500
719146664,Alex,Odhiambo,5120
709340347,Jane,Kamau,2048
707260740,Cynthia,Korir,200
799800943,Cynthia,Achieng,100
709742797,Cynthia,Kariuki,3072
2.54704E+11,Ann,Wambui,5120
791680147,John,Ochieng,3072
2.54737E+11,Ann,Kamau,50
720476968,Linda,Mutiso,3072
790029286,Irene,Kamau,1024
749261363,Daniel,Achieng,200
720852058,Peter,Kamau,500
776687804,Rita,Ochieng,2048
2.54717E+11,Peter,Kiptoo,50
743264456,Ann,Mwangi,50
707343155,Samuel,Mutua,1024
721986960,Alex,Wambui,5120
2.54729E+11,Ann,Achieng,5120
2.54757E+11,Linda,Omondi,350
755929546,Daniel,Otieno,100
727440816,Peter,Mwangi,5120
070c195422,Samuel,Mutua,350
796709739,Irene,Kariuki,100
2.54745E+11,Daniel,Otieno,2048
2.54777E+11,Brian,Wambui,500
718801465,Irene,Kariuki,50
2.54779E+11,Jane,Odhiambo,500
072b0853L9,Kevin,Kamau,3072
2.5479E+11,Samuel,Kiptoo,50
2.54751E+11,Alex,Achieng,2048
2.54709E+11,Brian,Kiptoo,200
2.54751E+11,Peter,Njoroge,5120
2547,Ann,Otieno,100
718324063,Brian,Korir,100
737229867,Cynthia,Mwangi,2048
724879182,John,Mutiso,1024
2.54779E+11,Grace,Odhiambo,200
748442361,Samuel,Odhiambo,50
723876465,John,Kamau,350
2.54758E+11,Kevin,Ochieng,200
2.54742E+11,David,Achieng,100
728549811,John,Kiptoo,200
74,Rita,Kiptoo,1024
748613184,Samuel,Njoroge,500
703739907,Irene,Kamau,3072
25471u5236N7,John,Odhiambo,3072
254777,Kevin,Kamau,350
2.54712E+11,Alex,Achieng,100
2547U5239259,Linda,Otieno,3072
0x93615219,Daniel,Omondi,500
731540103,Alex,Omondi,500
798163291,Linda,Wambui,3072
745277581,Peter,Njoroge,1024
723203345,Alex,Achieng,50
719023357,John,Kiptoo,350
755920415,Irene,Kiptoo,1024
752390830,Linda,Kariuki,100
738638065,Irene,Omondi,3072
742236120,Mary,Ochieng,350
2.54776E+11,Mary,Otieno,5120
727270907,Ann,Achieng,5120
798175158,Linda,Kiptoo,50
707333067,Cynthia,Njoroge,500
796210031,Mary,Omondi,2048
72,Linda,Otieno,5120
742423175,Rita,Omondi,5120
735097818,Peter,Njoroge,200
0748D856g2,Mary,Achieng,5120
757459773,Daniel,Ochieng,2048
700433490,Daniel,Kariuki,5120
07354r8575,Samuel,Kiptoo,2048
793293131,Irene,Kiptoo,50
713489463,Grace,Kiptoo,100
747289585,Jane,Otieno,5120
717106863,Jane,Ochieng,5120
706479319,Samuel,Kamau,50
710140548,Daniel,Kariuki,2048
718278762,Alex,Kamau,2048
745853160,Cynthia,Wambui,3072
712390316,Cynthia,Otieno,200
2.54754E+11,David,Omondi,350
718772348,Daniel,Njoroge,200
742535911,Mary,Njoroge,3072
2547R4880057,Brian,Odhiambo,1024
724327543,Rita,Omondi,200
725586630,Alex,Mutiso,2048
2.54791E+11,Cynthia,Omondi,100
713607428,Cynthia,Kariuki,500
792996197,Daniel,Korir,1024
719662911,Linda,Kamau,3072
758200062,Grace,Omondi,2048
254795,Rita,Omondi,350
254712869Z89,Peter,Ochieng,100
721631952,Linda,Kiptoo,1024
749391912,Jane,Kamau,2048
726759204,Cynthia,Njoroge,3072
730798999,Peter,Achieng,2048
770591608,Linda,Kariuki,350
714042408,Irene,Kamau,350
710080666,Peter,Kamau,1024
2.54729E+11,Peter,Kariuki,3072
710065040,Linda,Korir,1024
2.54701E+11,Rita,Korir,100
2.5475E+11,Brian,Kamau,500
2.54797E+11,Jane,Kamau,50
793414039,Kevin,Korir,100
749517632,Alex,Kariuki,500
750075388,Brian,Odhiambo,5120
758162400,Alex,Ochieng,200
725491901,Alex,Korir,5120
732840667,Samuel,Kariuki,2048
772160523,Cynthia,Achieng,3072
735287111,Linda,Otieno,500
75,Kevin,Mwangi,2048
711498637,Linda,Mutiso,350
2.54749E+11,Kevin,Otieno,100
2.54743E+11,Alex,Mwangi,1024
07271031z7,Kevin,Ochieng,100
729222086,Mary,Kariuki,350
2.54772E+11,Samuel,Kiptoo,50
711531147,Linda,Mutua,100
744503572,Kevin,Otieno,5120
792442109,John,Odhiambo,50
707138702,Peter,Kiptoo,3072
737336892,Rita,Mutua,350
2.547E+11,Ann,Ochieng,2048
745330645,David,Kamau,500
2.54702E+11,Ann,Kariuki,50
700117002,Samuel,Mutua,3072
796903381,Kevin,Omondi,3072
793368133,Cynthia,Mwangi,50
7309,Jane,Njoroge,2048
2.54718E+11,Daniel,Omondi,200
2.54792E+11,John,Otieno,2048
743102580,Samuel,Korir,500
740892701,Jane,Mutiso,3072
2.5471E+11,Alex,Omondi,500
714279584,Brian,Omondi,100
747862675,Peter,Kiptoo,500
798479092,John,Achieng,5120
797676095,Daniel,Kariuki,5120
2.54714E+11,Grace,Mutiso,2048
2.54718E+11,Ann,Kamau,3072
2.5473E+11,Linda,Kamau,350
794944390,Cynthia,Korir,2048
2.54791E+11,Kevin,Kamau,2048
2.54797E+11,Grace,Kiptoo,100
2.54718E+11,Kevin,Ochieng,100
2.54729E+11,Alex,Kamau,100
727077109,Linda,Njoroge,1024
2.54749E+11,Samuel,Mutiso,3072
700790748,Linda,Kiptoo,50
79397,Samuel,Mutiso,2048
2.54701E+11,Irene,Wambui,350
2.54746E+11,Jane,Wambui,1024
2.54712E+11,John,Otieno,50
2.54731E+11,Rita,Mutua,100
794441501,Ann,Korir,3072
753869433,Jane,Wambui,3072
728821443,David,Odhiambo,2048
2.54712E+11,Kevin,Mwangi,5120
743103940,Daniel,Mutiso,500
706026709,Cynthia,Kariuki,2048
776986941,Mary,Kamau,3072
25472282V623,Kevin,Wambui,200
748772333,Jane,Otieno,100
2.54743E+11,Grace,Odhiambo,2048
741438514,Rita,Otieno,350
798116305,Samuel,Mutua,500
759350639,Rita,Kiptoo,500
752069353,Alex,Mutua,3072
2.54701E+11,David,Mutiso,350
2.54714E+11,Rita,Omondi,1024
079w561375,Jane,Wambui,100
2.54701E+11,Samuel,Achieng,2048
7330,Alex,Omondi,100
745420268,Kevin,Njoroge,50
2.54712E+11,Grace,Korir,3072
2.54702E+11,Linda,Njoroge,3072
2.5474E+11,Brian,Mutua,2048
735862775,John,Mutiso,2048
2.5479E+11,Jane,Korir,3072
775877613,Rita,Mwangi,100
706029268,Rita,Mutua,5120
726367580,Irene,Omondi,2048
744063431,Linda,Achieng,3072
777233403,Alex,Wambui,100
792196552,Alex,Odhiambo,350
718839171,Samuel,Mutiso,2048
701235015,Irene,Kariuki,200
723478468,Irene,Mutiso,200
752866082,John,Otieno,50
705419904,Kevin,Mutua,50
2.54702E+11,Linda,Mutiso,3072
720710454,Rita,Kiptoo,500
794633427,Cynthia,Ochieng,500
749321767,Kevin,Otieno,100
2.5472E+11,Peter,Odhiambo,50
792794294,Samuel,Ochieng,1024
733468860,Mary,Otieno,2048
2.54712E+11,Jane,Omondi,2048
726424677,Daniel,Mutiso,3072
2.54717E+11,Kevin,Achieng,350
0G54785934,Jane,Kariuki,3072
2.54743E+11,Daniel,Kiptoo,200
703678469,Peter,Kiptoo,1024
726936521,Peter,Mutua,100
2.54753E+11,Ann,Otieno,5120
2.54702E+11,Irene,Odhiambo,500
707742070,Linda,Ochieng,350
770186097,Peter,Kariuki,5120
715497772,Grace,Achieng,2048
743139429,Kevin,Wambui,100
07187368n0,Daniel,Mwangi,100
748769296,David,Mwangi,200
2.54752E+11,Ann,Mwangi,5120
779253260,Jane,Ochieng,1024
2.54746E+11,Irene,Mwangi,2048
731078859,Mary,Achieng,500
720297374,Irene,Mwangi,200
726597154,Peter,Mutiso,50
732255707,Jane,Korir,200
2.54707E+11,Brian,Omondi,3072
72,Ann,Otieno,500
728116128,Grace,Odhiambo,350
745924078,Linda,Korir,500
754955882,Grace,Njoroge,2048
793978288,Grace,Wambui,1024
711335751,Samuel,Mutiso,350
747669699,Rita,Mutua,350
792411766,Samuel,Korir,5120
796234494,Peter,Wambui,3072
748694783,Samuel,Omondi,350
791439301,Rita,Mutua,500
704307,Linda,Mutua,5120
717441330,Rita,Kariuki,350
749661625,Jane,Mutua,50
2.5472E+11,John,Mutiso,2048
705677,Brian,Mutua,5120
741544893,Ann,Kamau,2048
079217G655,Rita,Mutiso,3072
719522927,Irene,Otieno,500
2.54778E+11,John,Otieno,200
710913583,Kevin,Kamau,3072
794946203,Rita,Mutua,2048
727574490,Irene,Mutiso,3072
773216511,Mary,Njoroge,100
796797788,Irene,Kariuki,200
749509803,Rita,Kamau,200
743487859,John,Ochieng,3072
2.54741E+11,Mary,Mutua,350
772087286,Grace,Kariuki,50
700019450,Grace,Mutua,100
254,Cynthia,Kariuki,350
717397321,Samuel,Kiptoo,2048
71376,Daniel,Mutiso,3072
25470437O792,Brian,Achieng,1024
2.54738E+11,Jane,Mutiso,500
2.54722E+11,Cynthia,Kiptoo,200
703001613,Daniel,Kiptoo,200
716836502,Mary,Otieno,2048
738677235,Rita,Ochieng,350
792152887,Daniel,Kariuki,2048
741387366,Cynthia,Wambui,500
747302680,Samuel,Mutiso,100
748608492,Jane,Mutua,50
754276072,Ann,Odhiambo,2048
2.5475E+11,Mary,Njoroge,5120
2.54724E+11,David,Njoroge,2048
2.54713E+11,Daniel,Korir,350
2.54729E+11,Samuel,Mutiso,500
759023837,Ann,Odhiambo,3072
2.54772E+11,Irene,Odhiambo,200
2.54742E+11,Jane,Njoroge,1024
727613969,John,Odhiambo,350
25474759941V,Cynthia,Omondi,1024
729886332,Grace,Otieno,200
779884951,Cynthia,Kamau,100
706235120,Irene,Mutiso,100
757532576,Kevin,Kariuki,5120
743247534,Daniel,Kariuki,100
2.54744E+11,Cynthia,Wambui,5120
753256745,Peter,Kiptoo,500
702693617,Daniel,Mutiso,50
2.54727E+11,Grace,Mutiso,5120
2547465u8677,Brian,Mutua,200
713437843,Ann,Kamau,50
701845890,John,Korir,200
707016114,David,Omondi,1024
714730288,Ann,Korir,200
732167625,Cynthia,Mwangi,500
2.5479E+11,Ann,Otieno,5120
709419644,Grace,Wambui,500
796850519,John,Kariuki,50
719236720,Samuel,Otieno,1024
703348705,Samuel,Kiptoo,350
709474278,Linda,Njoroge,2048
077560g088,Samuel,Ochieng,500
793509125,Grace,Odhiambo,200
795658027,Daniel,Njoroge,1024
740310141,Brian,Wambui,50
711500804,Irene,Mutiso,50
2.54798E+11,David,Ochieng,1024
770998801,Jane,Achieng,3072
071910s03x,Grace,Kariuki,100
700123504,Ann,Kiptoo,200
701469894,Daniel,Mwangi,350
715597567,Ann,Korir,3072
70158,Grace,Mutua,3072
2.54708E+11,Linda,Njoroge,100
722200454,Irene,Mwangi,5120
707897798,Daniel,Otieno,50
748282277,Kevin,Mwangi,2048
796630983,Peter,Kamau,200
2547134,Peter,Kariuki,200
743077996,Jane,Mutua,50
700298362,Rita,Omondi,2048
759706504,Rita,Achieng,5120
771633375,Samuel,Korir,100
747066371,Ann,Kariuki,5120
07068V8631,Alex,Achieng,2048
725809633,Rita,Mutiso,50
745620545,Daniel,Mutua,2048
070N933W19,Grace,Mutua,500
2.548E+11,Alex,Kariuki,500
702397912,Linda,Otieno,500
720099546,Samuel,Ochieng,5120
795236808,Rita,Korir,1024
795682619,Brian,Kariuki,500
0F47288028,David,Mutua,3072
725055619,Kevin,Odhiambo,500
749180849,Alex,Mutua,200
797160332,David,Otieno,2048
759287570,Samuel,Otieno,3072
709025589,David,Mwangi,50
2.54791E+11,Rita,Achieng,100
254,Rita,Ochieng,5120
749130487,John,Omondi,350
711344009,Linda,Odhiambo,3072
797517187,Jane,Achieng,350
726757507,Ann,Odhiambo,100
744727805,Ann,Odhiambo,350
715986000,Mary,Achieng,200
711140455,Alex,Otieno,2048
705118631,Cynthia,Otieno,3072
790635152,Ann,Otieno,200
725236868,Jane,Omondi,50
2.54724E+11,Rita,Mutiso,1024
791638888,Cynthia,Kariuki,100
2.54703E+11,Linda,Kariuki,5120
732284746,Mary,Wambui,50
2.54741E+11,Rita,Wambui,350
744576880,Cynthia,Kariuki,3072
742332715,Rita,Achieng,50
2.54747E+11,Cynthia,Odhiambo,2048
708018424,Ann,Odhiambo,50
710450358,Ann,Kiptoo,500
705673964,David,Mwangi,100
794428092,Grace,Korir,2048
747993690,Irene,Njoroge,50
2.54717E+11,Mary,Otieno,5120
707714791,Alex,Njoroge,3072
25474825,David,Kiptoo,5120
703311433,Brian,Njoroge,3072
708145642,Cynthia,Kiptoo,50
738775297,Alex,Achieng,350
719416026,Daniel,Korir,3072
740571101,Daniel,Ochieng,3072
714660982,Jane,Ochieng,5120
2.54743E+11,Irene,Achieng,5120
791840972,Linda,Achieng,5120
755774395,Brian,Kamau,350
721448857,Jane,Njoroge,1024
745847170,Jane,Mwangi,2048
2.54746E+11,Daniel,Kiptoo,500
25472b6885B8,Cynthia,Kiptoo,200
2.5472E+11,Irene,Mwangi,100
2.54731E+11,Cynthia,Korir,50
733792478,Alex,Kiptoo,3072
2.54712E+11,Cynthia,Mutua,500
726017363,Grace,Odhiambo,100
2.5479E+11,Grace,Omondi,100
70499,Peter,Mutiso,2048
2.54794E+11,Grace,Kamau,5120
721385490,Cynthia,Ochieng,50
716724812,Mary,Kamau,1024
2547339j893j,Kevin,Achieng,1024
2547972,David,Kariuki,50
758878192,Irene,Kariuki,200
2.5472E+11,Jane,Mutiso,5120
791682032,John,Wambui,1024
703756432,Kevin,Njoroge,100
717216697,Ann,Otieno,3072
738919344,Kevin,Kariuki,200
721104461,Irene,Njoroge,2048
714531045,Kevin,Wambui,100
796989,Ann,Kamau,2048
700965993,Jane,Kiptoo,50
2.54777E+11,John,Mwangi,1024
732,Jane,Mwangi,350
713244189,Ann,Mwangi,500
728882075,Grace,Achieng,5120
703164599,Irene,Wambui,3072
2.54753E+11,Samuel,Mwangi,5120
749378015,Samuel,Wambui,350
2.54798E+11,Brian,Mwangi,3072
2.54701E+11,Jane,Korir,500
728265440,Samuel,Ochieng,100
796759880,Peter,Achieng,350
2.54741E+11,Peter,Mwangi,100
070h810291,Peter,Otieno,500
2.54702E+11,Ann,Kariuki,350
7037876,Samuel,Mwangi,200
779926739,Kevin,Kariuki,5120
746798720,Mary,Korir,50
2.54709E+11,Cynthia,Odhiambo,1024
759111497,Brian,Otieno,200
2.54724E+11,Daniel,Mutua,350
757796130,Brian,Ochieng,100
779134523,Linda,Kamau,1024
717785532,Alex,Ochieng,500
704168320,Cynthia,Ochieng,350
2.54706E+11,David,Mwangi,100
741843306,Kevin,Mutiso,2048
705191367,Brian,Ochieng,2048
703009740,Kevin,Achieng,350
700429645,David,Achieng,350
708261185,Mary,Mwangi,2048
725268977,Brian,Njoroge,200
2.54742E+11,Ann,Korir,350
0756798d17,Jane,Njoroge,50
799835253,Ann,Achieng,50
723114563,Cynthia,Mutua,3072
072524w656,Brian,Odhiambo,2048
718544024,Mary,Achieng,200
2.54716E+11,Alex,Mwangi,200
795113740,David,Kamau,2048
704393891,Irene,Korir,3072
715286058,Ann,Njoroge,100
728084072,Peter,Ochieng,100
2.54714E+11,Daniel,Achieng,3072
2.54771E+11,Rita,Odhiambo,1024
711220348,Cynthia,Otieno,5120
0700b2445J,Ann,Achieng,2048
2.54749E+11,John,Omondi,3072
25474,Irene,Mutua,100
0724687y75,Irene,Mutiso,2048
798351477,Peter,Wambui,2048
750349161,Alex,Mutua,350
728926729,Grace,Kamau,500
734793517,Jane,Kamau,5120
790438228,Mary,Kariuki,5120
0v09r50755,Peter,Ochieng,50
743449920,Brian,Achieng,5120
755916726,Rita,Otieno,50
2.54741E+11,Kevin,Odhiambo,3072
711119118,Grace,Otieno,50
2.54718E+11,David,Mutua,200
735235090,Linda,Achieng,350
728848190,Irene,Wambui,50
714772830,Samuel,Mutiso,100
703217240,Mary,Omondi,3072
722028369,Jane,Kariuki,50
2.54706E+11,Linda,Mutua,350
709640175,Grace,Omondi,2048
702815619,Alex,Odhiambo,100
25479,Daniel,Korir,350
07n8555463,David,Odhiambo,2048
2.54794E+11,Linda,Otieno,350
733425488,Irene,Mutiso,5120
2.54724E+11,Irene,Achieng,350
2.54722E+11,Jane,Kiptoo,5120
2547462875LV,David,Mwangi,350
719580364,Linda,Achieng,5120
2.54714E+11,Irene,Otieno,50
745507883,David,Mwangi,3072
2.54713E+11,Ann,Mutua,200
710256518,Linda,Mutua,100
2.54748E+11,Grace,Njoroge,2048
777120129,Grace,Mwangi,200
799508394,Peter,Ochieng,50
79281,John,Wambui,350
2.54706E+11,Mary,Ochieng,200
736783533,Kevin,Otieno,500
708960444,Jane,Kamau,500
2.54775E+11,Brian,Korir,5120
702038284,John,Wambui,2048
736916526,Brian,Kiptoo,3072
722855690,Kevin,Kamau,50
2.54751E+11,John,Odhiambo,50
727915888,Irene,Kariuki,200
779335427,John,Wambui,5120
792113099,Peter,Kiptoo,100
732015831,David,Njoroge,3072
743197760,Ann,Mutiso,500
724062066,Cynthia,Achieng,500
794787547,Rita,Kiptoo,2048
792479442,Linda,Odhiambo,200
790641588,David,Korir,3072
794026824,Mary,Omondi,1024
793445194,Brian,Omondi,500
717187489,Brian,Otieno,5120
701247567,Ann,Kamau,5120
730753779,Peter,Wambui,100
2.5471E+11,David,Mutua,1024
2.54706E+11,Kevin,Kamau,5120
755834946,Jane,Odhiambo,2048
725991688,Alex,Njoroge,50
754017091,Linda,Mutiso,500
710999462,Irene,Kariuki,200
773756688,Daniel,Achieng,200
2.54747E+11,Grace,Mutiso,200
2.54794E+11,Rita,Wambui,5120
779985174,Jane,Mwangi,350
795338789,Samuel,Ochieng,500
790,David,Korir,100
0V97870438,David,Achieng,500
25474811,Rita,Odhiambo,50
2.54771E+11,Ann,Ochieng,100
737343734,Samuel,Ochieng,500
709228429,Mary,Omondi,350
735892111,Brian,Mutua,350
2.54773E+11,Daniel,Achieng,3072
793958332,Grace,Njoroge,500
79,Kevin,Mwangi,50
2.54713E+11,David,Kariuki,5120
701655505,Rita,Kariuki,50
2.54716E+11,Samuel,Kariuki,50
753584731,Peter,Mutiso,100
718368499,Cynthia,Wambui,1024
790523941,Jane,Achieng,2048
2.54758E+11,John,Kariuki,3072
2.5471E+11,Alex,Njoroge,2048
731624720,Cynthia,Njoroge,50
729286955,Kevin,Mwangi,350
796802202,Linda,Korir,500
745075786,Alex,Otieno,3072
727691689,Cynthia,Mwangi,350
2.54721E+11,Irene,Otieno,2048
708994423,John,Omondi,350
796864467,Grace,Otieno,1024
2.54745E+11,Ann,Kamau,350
700431268,Kevin,Kariuki,1024
757372384,Cynthia,Mutiso,1024
746817145,Mary,Kiptoo,50
2.54701E+11,Irene,Kiptoo,2048
772746218,Mary,Mutua,50
2.54701E+11,Kevin,Kariuki,5120
737458785,Samuel,Korir,100
759107559,Grace,Njoroge,500
799849987,Ann,Wambui,50
791339996,Brian,Otieno,2048
713104241,Samuel,Odhiambo,50
701379147,Daniel,Korir,350
728766060,Mary,Otieno,500
2.5471E+11,Alex,Mwangi,100
713251216,Cynthia,Njoroge,200
733739892,Ann,Otieno,500
728366510,Samuel,Mutua,2048
73802,Daniel,Achieng,100
704242900,Jane,Njoroge,500
720,Ann,Mutua,3072
2.54798E+11,Peter,Omondi,2048
2.54722E+11,Ann,Achieng,200
2.54793E+11,Kevin,Mutiso,100
749379926,Ann,Korir,350
2.54705E+11,Mary,Mwangi,2048
790689327,David,Njoroge,100
752989860,David,Mwangi,100
2.54723E+11,David,Omondi,100
703806830,Cynthia,Odhiambo,50
790733015,Samuel,Ochieng,100
2.54709E+11,Mary,Kamau,50
729164527,Alex,Kiptoo,100
718173669,Alex,Mutua,50
2.54746E+11,Grace,Njoroge,500
2.54718E+11,Cynthia,Achieng,350
748141512,Kevin,Mutua,100
742025227,Brian,Wambui,3072
701963700,David,Wambui,5120
2.54774E+11,Kevin,Wambui,3072
2.54747E+11,Irene,Otieno,50
7978,David,Achieng,500
791839410,John,Kariuki,3072
728649839,Jane,Odhiambo,1024
736324704,Linda,Njoroge,50
746907886,Alex,Kariuki,1024
790631495,Ann,Mutiso,350
702206,Mary,Mwangi,2048
739,Irene,Kamau,2048
2.54741E+11,Ann,Korir,500
723923665,Irene,Kariuki,1024
2.54791E+11,Peter,Omondi,500
2.54793E+11,Daniel,Kamau,50
736914719,David,Wambui,200
2.54743E+11,Ann,Mutiso,100
724482887,Peter,Kariuki,50
701960243,John,Kamau,5120
2.54705E+11,Alex,Ochieng,50
2.54792E+11,Grace,Kiptoo,500
750839602,Daniel,Omondi,350
706083888,David,Omondi,5120
712001500,Jane,Otieno,3072
748891777,Samuel,Otieno,100
729779858,Kevin,Kamau,500
738805183,Brian,Mutua,350
701161911,Alex,Kiptoo,3072
705861432,Cynthia,Mwangi,2048
712342105,Jane,Korir,2048
799032626,Samuel,Kiptoo,350
2.54746E+11,Brian,Odhiambo,3072
795672372,Alex,Kamau,350
707663717,Rita,Wambui,1024
735047406,Grace,Wambui,500
716797589,Grace,Kamau,2048
714964885,Linda,Achieng,5120
771948022,Brian,Omondi,2048
745735598,Brian,Mutiso,3072
795046340,Linda,Wambui,500
710071389,Rita,Mutiso,2048
2.54726E+11,John,Kiptoo,50
776225805,Grace,Mutua,350
725351750,Grace,Kamau,5120
728307232,Kevin,Ochieng,3072
2.54743E+11,Samuel,Kiptoo,200
743424493,Daniel,Odhiambo,1024
079988I234,Linda,Mutiso,3072
2.54717E+11,Daniel,Korir,200
749173266,Linda,Njoroge,2048
2.54711E+11,Daniel,Kariuki,350
734361735,Jane,Kamau,3072
796979332,Samuel,Korir,50
742134657,David,Otieno,500
2.54703E+11,Irene,Mwangi,200
706564780,Linda,Otieno,2048
775068168,Jane,Mutua,50
717184562,Daniel,Otieno,3072
727727409,Ann,Wambui,5120
724329253,Jane,Kiptoo,350
748153326,Irene,Njoroge,2048
704516198,Peter,Odhiambo,5120
073U75v232,Brian,Kiptoo,1024
720462594,Kevin,Ochieng,50
2.5471E+11,Samuel,Mwangi,200
2.54723E+11,David,Ochieng,100
2.54705E+11,John,Njoroge,2048
725527740,Ann,Otieno,200
742850517,Ann,Ochieng,50
700696018,Alex,Mutua,500
713850761,Jane,Kariuki,5120
745819728,Peter,Ochieng,1024
S737856528,Rita,Otieno,2048
2.54738E+11,Grace,Mwangi,500
715040783,Peter,Kiptoo,1024
749744148,Peter,Wambui,500
730878124,Daniel,Ochieng,50
705623019,Cynthia,Njoroge,500
796639722,Cynthia,Korir,100
746804240,Cynthia,Mutiso,2048
2.54793E+11,John,Odhiambo,1024
079B216839,Ann,Kariuki,5120
2.54703E+11,Linda,Kariuki,1024
79,Ann,Wambui,50
2.54726E+11,Rita,Kiptoo,350
723050759,Rita,Mwangi,3072
2.54794E+11,Mary,Wambui,50
25471510,Irene,Odhiambo,100
071J474447,Peter,Ochieng,100
792602753,Samuel,Otieno,1024
790365172,Irene,Kariuki,5120
723305619,Rita,Omondi,1024
2.54713E+11,Ann,Kiptoo,350
2.54792E+11,Daniel,Mutua,200
723432505,David,Omondi,3072
751580727,David,Mwangi,3072
2.54739E+11,John,Otieno,2048
773672072,Grace,Kamau,5120
748932443,Alex,Mutua,500
748484247,Rita,Achieng,50
2.54742E+11,Ann,Otieno,100
795675472,John,Mutua,100
254794R36716,Grace,Mutua,200
2.54775E+11,Brian,Kariuki,1024
2.54748E+11,Mary,Njoroge,100
2.54718E+11,David,Achieng,350
791426845,David,Kamau,2048
758767512,Ann,Omondi,5120
733569573,John,Njoroge,1024
2.54772E+11,Daniel,Achieng,50
2.5471E+11,Ann,Mutua,200
754842521,Cynthia,Achieng,1024
746837455,Irene,Kiptoo,1024
700943298,Mary,Kamau,50
701045649,Brian,Omondi,5120
797618074,Kevin,Kamau,500
2.54705E+11,Samuel,Omondi,3072
752692879,Samuel,Otieno,3072
729081745,Daniel,Wambui,350
2.54708E+11,Brian,Omondi,350
703014404,Daniel,Kariuki,5120
719614687,Mary,Mwangi,3072
728821631,David,Wambui,2048
790470655,Alex,Kiptoo,50
759657182,Irene,Ochieng,2048
707147887,Rita,Odhiambo,5120
719095871,Mary,Wambui,2048
2.54746E+11,Grace,Kiptoo,100
717650943,Linda,Kiptoo,2048
716521976,Cynthia,Mutua,500
707489852,Mary,Njoroge,3072
07Z5748276,Brian,Mutiso,200
70253,Irene,Achieng,50
2.54703E+11,Jane,Mutiso,200
795253862,John,Achieng,100
2.5479E+11,Ann,Korir,350
2.54759E+11,Kevin,Otieno,5120
708130861,Grace,Kamau,350
773271496,David,Kiptoo,3072
779967040,Linda,Kamau,2048
2.54718E+11,John,Korir,350
740553412,Linda,Njoroge,200
719882999,Ann,Mutua,500
744507544,Mary,Wambui,100
2.54701E+11,Brian,Odhiambo,100
728277119,Rita,Otieno,1024
720396222,Ann,Mwangi,100
2.54728E+11,Irene,Mutiso,1024
2.54746E+11,Linda,Mutiso,100
2.54727E+11,Rita,Korir,2048
772271692,Kevin,Njoroge,2048
719099285,Samuel,Kariuki,200
742965576,Ann,Mutua,1024
2.5475E+11,Peter,Omondi,100
2.54709E+11,Ann,Mutiso,350
708420402,Ann,Mutiso,200
2.54746E+11,David,Odhiambo,500
2.54732E+11,Jane,Kiptoo,1024
744375792,Ann,Njoroge,200
702283759,Rita,Mutua,2048
702439052,Jane,Korir,5120
713102272,Irene,Mutua,50
717210986,Ann,Mwangi,3072
2.5475E+11,Irene,Achieng,100
2.5479E+11,Brian,Korir,350
721478540,Ann,Achieng,50
790801178,Irene,Mutua,200
799895340,Peter,Njoroge,5120
727529137,Rita,Njoroge,350
752,David,Njoroge,100
2.54726E+11,Brian,Odhiambo,2048
2.54725E+11,Rita,Odhiambo,5120
0713Mv9168,Irene,Kariuki,100
798112371,John,Wambui,1024
2.54758E+11,Samuel,Mutua,5120
743021776,Linda,Njoroge,5120
2.54792E+11,Daniel,Wambui,350
718282055,Peter,Mutiso,1024
2.54796E+11,Daniel,Wambui,2048
2.5478E+11,Grace,Kariuki,200
74,Rita,Njoroge,1024
2.54706E+11,David,Odhiambo,100
792039536,Rita,Achieng,350
755043411,Rita,Njoroge,3072
733040095,Rita,Otieno,1024
715640343,Jane,Mutiso,1024
2.54724E+11,Brian,Kariuki,200
73,Peter,Kariuki,3072
711823,Jane,Kariuki,1024
706733181,Jane,Mwangi,350
728455052,Brian,Njoroge,3072
742246224,Alex,Omondi,3072
2.54708E+11,Rita,Mutiso,1024
2.54711E+11,Rita,Omondi,100
2.54749E+11,Kevin,Mutua,200
2.54775E+11,Kevin,Omondi,1024
2.54759E+11,Irene,Mwangi,1024
722965506,Daniel,Achieng,350
2.54709E+11,Grace,Otieno,350
2.54726E+11,Grace,Kamau,350
2.54736E+11,Brian,Kariuki,350
702181697,David,Achieng,50
0T18617388,Grace,Kariuki,2048
754687457,Daniel,Njoroge,5120
729300636,Samuel,Wambui,500
747199307,Brian,Njoroge,50
733040134,Mary,Mutua,200
2.54746E+11,Daniel,Mutua,500
758112064,Cynthia,Mutiso,1024
774895950,Daniel,Kamau,100
798965386,Alex,Mwangi,3072
2.54725E+11,Daniel,Wambui,3072
726220084,John,Mutiso,5120
2.54775E+11,Irene,Mutiso,2048
727589082,Kevin,Kariuki,3072
727840480,Mary,Ochieng,1024
2.54794E+11,Mary,Otieno,50
2.54751E+11,Brian,Kamau,3072
796193172,Kevin,Mutua,3072
2.54726E+11,Peter,Wambui,3072
7514,Mary,Mutua,5120
752270447,Grace,Achieng,200
793930563,Peter,Mwangi,350
2.54703E+11,Brian,Odhiambo,3072
2.54715E+11,Grace,Mutua,5120
2.54749E+11,Kevin,Kamau,1024
2.54728E+11,Grace,Wambui,100
2.54712E+11,Linda,Omondi,200
2.547E+11,Jane,Mutiso,100
2.54741E+11,Brian,Mwangi,350
2.54715E+11,Jane,Achieng,50
2.54714E+11,Rita,Kariuki,100
702384048,Peter,Kariuki,50
709538432,Samuel,Odhiambo,50
797916608,Ann,Wambui,5120
796180560,Alex,Omondi,3072
2.5476E+11,Rita,Korir,500
707348571,Peter,Otieno,5120
g54706094h04,Kevin,Kamau,5120
749385763,Daniel,Achieng,500
Z797920612,David,Njoroge,500
725898517,Kevin,Kiptoo,5120
729625885,Cynthia,Ochieng,100
2.54719E+11,David,Otieno,500
2.54741E+11,Brian,Kiptoo,200
742325556,Brian,Njoroge,500
776517306,John,Omondi,100
702,Brian,Wambui,5120
713936658,David,Achieng,200
736009118,Jane,Korir,350
719147973,Jane,Odhiambo,5120
2.54757E+11,Linda,Wambui,5120
710248052,Ann,Otieno,3072
2.54722E+11,Rita,Kamau,3072
797575630,David,Otieno,200
25479067,Linda,Mutua,350
740710205,Daniel,Ochieng,5120
718041694,David,Njoroge,5120
790993514,Rita,Achieng,100
2.54704E+11,Grace,Kamau,1024
707515056,Kevin,Korir,3072
2.54792E+11,Mary,Wambui,2048
708664425,Grace,Kamau,2048
725506041,Samuel,Mwangi,2048
744282327,David,Njoroge,5120
729211741,Daniel,Mutiso,2048
2.54719E+11,Alex,Ochieng,5120
728890292,Ann,Ochieng,3072
798135344,Samuel,Odhiambo,3072
754999065,Samuel,Mutiso,3072
746466509,Peter,Omondi,100
799551120,Cynthia,Kamau,500
709903374,Mary,Achieng,100
2.54794E+11,Peter,Ochieng,100
2.54718E+11,Brian,Wambui,3072
717750634,Daniel,Odhiambo,100
2.54704E+11,John,Mwangi,50
2.54725E+11,Jane,Odhiambo,350
079127224y,Jane,Achieng,5120
25475,John,Otieno,3072
745499524,Samuel,Mutiso,50
748,Grace,Kariuki,500
726050939,Grace,Kamau,50
720216769,Rita,Korir,350
2.54721E+11,Jane,Omondi,2048
2.54754E+11,Mary,Korir,50
071R442107,Alex,Kamau,200
740730017,Rita,Odhiambo,50
722806426,Alex,Ochieng,50
752823614,Jane,Otieno,100
709158747,Daniel,Kariuki,1024
25474893F173,Linda,Mutiso,350
712228297,John,Wambui,1024
071W0728L5,Alex,Omondi,50
2.54728E+11,Peter,Mutua,3072
2.54717E+11,David,Ochieng,2048
791528931,Ann,Kiptoo,5120
774034918,Linda,Wambui,1024
709917049,Rita,Achieng,200
794100287,John,Mutua,5120
796450,Cynthia,Omondi,2048
2.54792E+11,Ann,Ochieng,200
717422138,Brian,Kiptoo,350
2.5473E+11,Rita,Ochieng,1024
705032262,Ann,Kiptoo,500
770408289,Cynthia,Achieng,500
799001699,Rita,Odhiambo,50
700680721,Peter,Kiptoo,500
796468259,Irene,Kiptoo,500
726666795,Rita,Njoroge,500
254,Alex,Otieno,1024
2.54739E+11,Linda,Achieng,100
2.54703E+11,John,Achieng,200
752365016,Daniel,Otieno,3072
723769288,Grace,Wambui,200
729691352,Irene,Mutua,50
2.5471E+11,Cynthia,Korir,500
752131920,Jane,Omondi,3072
2.54799E+11,Alex,Mutua,500
2.54799E+11,Samuel,Wambui,200
794513293,Ann,Kariuki,1024
713985515,Linda,Mutiso,2048
707338147,David,Mutua,500
2.54703E+11,Daniel,Kariuki,3072
725230159,Ann,Mutiso,200
2.54704E+11,David,Wambui,100
796861904,Samuel,Korir,350
70,Peter,Mutua,1024
707589475,Mary,Kariuki,350
752060836,Peter,Mutua,350
704767568,Samuel,Mutua,350
2.54716E+11,Irene,Achieng,5120
731150942,Cynthia,Odhiambo,500
7979,Mary,Otieno,5120
756137245,Brian,Omondi,500
796787146,Rita,Wambui,2048
2.5475E+11,Linda,Mwangi,3072
747909774,Kevin,Njoroge,500
792671833,Brian,Mwangi,200
798847077,David,Ochieng,200
2.547E+11,Daniel,Korir,5120
718350060,Daniel,Korir,500
729268275,Samuel,Odhiambo,3072
779756072,John,Odhiambo,5120
712108749,Ann,Odhiambo,5120
795812313,Samuel,Mutua,1024
2.54708E+11,Kevin,Kariuki,1024
723818768,Kevin,Achieng,100
723220976,Jane,Korir,1024
791920365,Linda,Kamau,5120
798040123,Peter,Achieng,500
2.54741E+11,Kevin,Kiptoo,50
725488130,Kevin,Achieng,5120
0751M21170,David,Korir,350
713625719,Alex,Achieng,500
744809242,Samuel,Wambui,5120
741697055,Ann,Odhiambo,5120
712760528,Brian,Mwangi,100
2.54701E+11,Irene,Mutiso,350
2.54726E+11,Kevin,Otieno,2048
723512501,Mary,Otieno,350
700918537,Mary,Ochieng,500
2.54707E+11,Mary,Kariuki,1024
797803298,Ann,Njoroge,2048
2.5472E+11,John,Njoroge,50
714249203,Alex,Ochieng,500
713582728,Rita,Korir,50
795852484,Cynthia,Kariuki,3072
071259012A,Linda,Kamau,1024
774610651,Cynthia,Kariuki,100
718738543,Ann,Achieng,2048
2.54742E+11,Jane,Mutua,350
706546536,John,Mutua,50
2.5474E+11,Linda,Mutiso,3072
745820227,Cynthia,Mutiso,200
2.54725E+11,Irene,Ochieng,500
712198293,Cynthia,Otieno,350
748357945,Ann,Njoroge,200
750548855,Daniel,Mutua,350
2.548E+11,Jane,Kariuki,2048
793451264,David,Mutua,50
2.55E+09,Irene,Wambui,3072
2.54742E+11,Rita,Ochieng,1024
2.54737E+11,Mary,Achieng,500
726931014,Peter,Mwangi,100
706560697,Rita,Kamau,3072
794454692,Grace,Mutiso,50
796069180,David,Achieng,1024
744906672,Irene,Mutiso,5120
743616619,Cynthia,Kiptoo,350
2.54738E+11,Linda,Mutua,5120
25472793010X,Kevin,Otieno,2048
720737172,Linda,Kiptoo,3072
794833703,Samuel,Kariuki,1024
717857715,John,Mutua,2048
742992731,Brian,Odhiambo,1024
702805505,Rita,Ochieng,50
2.54746E+11,Grace,Kariuki,1024
716888060,John,Korir,500
797071933,Linda,Wambui,50
2.54752E+11,Samuel,Ochieng,100
725999477,Peter,Kamau,500
2.54718E+11,Brian,Kariuki,2048
749248424,Irene,Odhiambo,50
774744946,Linda,Omondi,50
2.54727E+11,Linda,Mutua,200
2.54742E+11,Mary,Achieng,500
735163202,Kevin,Odhiambo,350
2547789,Daniel,Mutua,350
2.54712E+11,Grace,Mutiso,3072
747900996,David,Odhiambo,350
741595457,Alex,Odhiambo,350
2.54726E+11,Irene,Ochieng,350
70,Brian,Kariuki,2048
770840950,Mary,Korir,500
072608O475,Kevin,Wambui,500
2.54708E+11,David,Kariuki,1024
779907526,John,Mutiso,500
724821053,Linda,Korir,50
2.54792E+11,Mary,Ochieng,200
723570553,Grace,Mwangi,5120
724836994,Alex,Otieno,350
2.54724E+11,Rita,Kamau,1024
749188890,Rita,Wambui,200
790765417,Samuel,Kariuki,2048
2.54749E+11,Mary,Odhiambo,500
739194475,Brian,Kariuki,3072
728922889,Peter,Odhiambo,2048
2.54759E+11,Irene,Omondi,200
070963y063,Peter,Mutiso,200
730875365,Samuel,Mutiso,500
704694513,Samuel,Wambui,500
758050574,Samuel,Achieng,50
746210106,Alex,Achieng,500
254722,Peter,Mutua,350
2.54794E+11,Brian,Kiptoo,500
2.54737E+11,Jane,Omondi,3072
700220643,Rita,Kamau,5120
794466662,Irene,Njoroge,100
746251624,Cynthia,Mutua,5120
778962650,Linda,Odhiambo,5120
2.54734E+11,John,Kamau,200
715369564,Daniel,Mwangi,200
2.54797E+11,Cynthia,Kariuki,3072
773390884,Rita,Mwangi,500
702362420,David,Otieno,50
25470,Jane,Odhiambo,2048
743741035,Grace,Odhiambo,2048
710644249,Cynthia,Mwangi,1024
2.54702E+11,Alex,Wambui,500
2.54742E+11,Peter,Wambui,2048
2.54723E+11,Linda,Ochieng,50
2.54716E+11,Brian,Njoroge,3072
070815449z,Brian,Mutiso,200
775310390,Linda,Mutua,1024
724420305,Samuel,Omondi,350
708123327,Rita,Kariuki,350
794705062,John,Achieng,2048
707928775,John,Korir,50
0RC5621289,Brian,Kiptoo,5120
791713151,Rita,Omondi,1024
713467505,Brian,Kamau,2048
711035544,Irene,Njoroge,100
759068087,Linda,Wambui,3072
708635704,Jane,Mutiso,200
733988317,Grace,Omondi,5120
707175025,Irene,Ochieng,5120
754249310,David,Mutiso,5120
0c46507499,Mary,Kiptoo,2048
725152199,Daniel,Njoroge,350
792847195,David,Njoroge,500
2.54797E+11,Daniel,Ochieng,100
2.54714E+11,Mary,Wambui,100
700714797,Daniel,Kamau,500
708549129,Peter,Kiptoo,200
797892596,Daniel,Odhiambo,1024
773133294,Alex,Kariuki,1024
774691092,Jane,Omondi,2048
711084811,Daniel,Otieno,350
0792623J43,Rita,Kiptoo,1024
791355139,John,Omondi,5120
798753874,Irene,Achieng,350
719299614,Kevin,Achieng,100
729506001,Brian,Achieng,200
791326731,Daniel,Achieng,5120
2.54779E+11,Peter,Mutiso,350
750561466,Grace,Mwangi,500
794043679,John,Korir,2048
778821183,John,Mutiso,500
745393607,Peter,Wambui,5120
704554435,Daniel,Otieno,500
721736040,Samuel,Njoroge,100
2.54745E+11,Linda,Kamau,3072
2.54714E+11,Ann,Odhiambo,200
744754000,Kevin,Otieno,500
070435uq99,Mary,Njoroge,1024
726363206,Daniel,Mwangi,5120
2.54713E+11,Irene,Kariuki,350
745478971,Cynthia,Kiptoo,2048
709150247,Rita,Kariuki,1024
2.54795E+11,Cynthia,Omondi,100
738919416,Kevin,Achieng,2048
705300924,Daniel,Odhiambo,50
754663629,Irene,Kiptoo,5120
723878363,Mary,Otieno,3072
071111114y,Ann,Mutua,3072
708169616,Jane,Njoroge,1024
710175543,Mary,Kariuki,500
2.54722E+11,Irene,Odhiambo,3072
2.5475E+11,Ann,Odhiambo,350
794102479,Kevin,Ochieng,2048
2.54743E+11,Kevin,Mwangi,200
748625702,Samuel,Mutiso,350
2.54754E+11,Daniel,Kariuki,2048
2.5474E+11,David,Njoroge,2048
2.54771E+11,Grace,Omondi,350
732555167,Daniel,Ochieng,50
2.54704E+11,Linda,Kamau,100
757006310,Alex,Ochieng,2048
739388523,Jane,Odhiambo,100
747792316,Rita,Njoroge,3072
2.54718E+11,Samuel,Njoroge,500
703520736,Irene,Otieno,500
790246146,Peter,Achieng,1024
750112066,Brian,Mutiso,50
2.5474E+11,Jane,Korir,1024
2.54719E+11,Irene,Achieng,100
702539800,John,Wambui,3072
J7151151P1,Jane,Kamau,50
715157776,Rita,Ochieng,100
705303034,David,Odhiambo,2048
720,Alex,Mutiso,2048
2.54738E+11,Peter,Kariuki,350
739855332,Kevin,Mwangi,200
25471,Grace,Achieng,200
714302748,Rita,Njoroge,50
707053223,Brian,Kamau,2048
2.54749E+11,Grace,Ochieng,200
2.54702E+11,John,Wambui,500
75,Peter,Mwangi,3072
2.54715E+11,Ann,Odhiambo,1024
741298875,Kevin,Ochieng,3072
2.54741E+11,Peter,Wambui,200
2547995i5544,Brian,Mutiso,50
2.54738E+11,Cynthia,Kamau,100
741019745,Alex,Kamau,1024
793472034,Jane,Mutua,200
740797814,Rita,Mutua,200
757878455,Alex,Odhiambo,500
724045702,Alex,Achieng,200
723716689,John,Kiptoo,100
732157599,Cynthia,Wambui,2048
2y472452t553,David,Omondi,1024
738384684,Rita,Achieng,2048
716933672,Ann,Otieno,100
726,Jane,Otieno,2048
745598143,Daniel,Omondi,5120
722452603,Peter,Kamau,5120
79,Samuel,Omondi,1024
2.547E+11,Samuel,Kiptoo,3072
707975492,Mary,Achieng,1024
710434661,Cynthia,Otieno,2048
753441927,Irene,Omondi,5120
712833878,Alex,Otieno,350
700463303,Irene,Korir,5120
721876425,Jane,Ochieng,1024
790654126,Daniel,Omondi,100
744096678,Daniel,Odhiambo,100
2.54798E+11,Rita,Kariuki,1024
2.54778E+11,Linda,Korir,350
075827722W,Grace,Kamau,3072
790571904,Mary,Kariuki,5120
797041779,Ann,Omondi,2048
737373632,Ann,Odhiambo,3072
716461811,Peter,Kiptoo,1024
701163983,John,Kamau,2048
727797619,Irene,Omondi,3072
733000267,Peter,Njoroge,3072
2.54797E+11,Daniel,Korir,1024
2.54744E+11,Peter,Mutua,1024
708925556,Brian,Kariuki,5120
790350917,Irene,Mutiso,2048
254,John,Korir,5120
701418164,John,Njoroge,100
796345015,Grace,Mwangi,350
794229461,Irene,Achieng,5120
758584563,Daniel,Achieng,350
2.5471E+11,John,Mutua,100
2.54713E+11,Cynthia,Omondi,3072
795303558,David,Mutua,500
2.54748E+11,Jane,Kariuki,3072
747698717,Ann,Mwangi,2048
790329199,Grace,Omondi,350
716115615,Rita,Kiptoo,50
2.55E+16,Brian,Mwangi,350
728432918,Rita,Mwangi,500
796187419,Kevin,Mutua,350
793506328,Jane,Odhiambo,350
700098260,Samuel,Mutiso,2048
710658251,Brian,Ochieng,5120
711674955,Daniel,Otieno,1024
2.54712E+11,Kevin,Kiptoo,100
756190736,Daniel,Kiptoo,1024
079V637777,Samuel,Kamau,3072
791152185,Brian,Achieng,1024
2547371,Samuel,Wambui,500
746246993,Samuel,Njoroge,2048
2.54735E+11,John,Kamau,350
2.54736E+11,Daniel,Kiptoo,5120
752032475,Alex,Achieng,2048
792877206,David,Mwangi,50
723,Mary,Ochieng,2048
746238211,Samuel,Mwangi,500
2.54702E+11,Alex,Korir,50
747781287,Mary,Ochieng,3072
2.548E+11,Cynthia,Omondi,200
2.54731E+11,Rita,Kiptoo,500
2.54712E+11,Ann,Njoroge,350
701306897,Kevin,Otieno,500
702410705,Linda,Mutua,2048
716669834,Irene,Mwangi,2048
712858489,Brian,Kariuki,1024
2.5471E+11,Rita,Kariuki,2048
704910251,John,Kiptoo,50
2.54793E+11,Jane,Wambui,350
731810333,Peter,Wambui,2048
2.54717E+11,Rita,Otieno,2048
755418384,Alex,Odhiambo,5120
2.54797E+11,Cynthia,Mwangi,3072
792541145,Irene,Achieng,3072
717143767,Grace,Mwangi,100
728224274,John,Otieno,2048
732088366,Alex,Wambui,1024
2.54747E+11,Brian,Korir,100
741864491,Brian,Mwangi,2048
798925580,Rita,Mutiso,5120
709615717,John,Mutua,350
732140718,Samuel,Ochieng,5120
794644414,Kevin,Mutua,500
718781,Peter,Kamau,2048
2.54736E+11,Ann,Kariuki,100
2.54743E+11,Linda,Kamau,5120
2.54757E+11,Ann,Mutiso,1024
731360564,Cynthia,Ochieng,1024
703029220,Cynthia,Mwangi,500
758779505,Brian,Ochieng,200
2.5472E+11,Daniel,Ochieng,500
714088866,Mary,Ochieng,5120
799043062,Ann,Kiptoo,2048
715626131,Alex,Mutua,200
744164920,John,Odhiambo,500
2.54798E+11,Ann,Otieno,2048
706641258,Irene,Otieno,50
254,Alex,Mutua,350
2.54728E+11,Ann,Kariuki,2048
707708998,Irene,Korir,3072
715311953,Cynthia,Ochieng,350
737497,Cynthia,Korir,5120
772483098,Daniel,Mutua,500
736708482,Irene,Njoroge,350
705062020,Samuel,Njoroge,1024
2.54738E+11,Jane,Omondi,500
796642087,Grace,Kamau,200
744484726,Samuel,Omondi,50
2.54733E+11,John,Ochieng,2048
25470,Peter,Mutua,500
2.54705E+11,Linda,Otieno,2048
793076284,Grace,Omondi,100
727829172,Alex,Mwangi,50
793862742,Alex,Odhiambo,3072
732000239,Rita,Korir,350
745642879,Rita,Odhiambo,1024
709716615,Linda,Omondi,2048
2.5476E+11,Daniel,Otieno,1024
713220186,Irene,Kariuki,1024
2.54705E+11,Brian,Mwangi,100
713879670,Peter,Achieng,50
719777877,David,Achieng,200
791184856,Alex,Achieng,5120
2.54795E+11,Cynthia,Kamau,350
744034637,Irene,Omondi,3072
707778680,Samuel,Mutiso,3072
715791271,Mary,Otieno,2048
717892200,Rita,Otieno,1024
718700693,Peter,Otieno,200
793224011,Brian,Omondi,500
07a1799268,Mary,Achieng,2048
791667387,Daniel,Odhiambo,200
2.54793E+11,Brian,Omondi,350
723526247,Linda,Odhiambo,5120
706604913,Samuel,Njoroge,350
724207704,Linda,Njoroge,5120
735071725,Irene,Njoroge,5120
797520199,Alex,Mwangi,2048
2.54711E+11,Irene,Wambui,500
702268339,Samuel,Odhiambo,200
2.54799E+11,Brian,Kariuki,100
2.54704E+11,Rita,Odhiambo,3072
702423745,Irene,Achieng,350
735353492,Irene,Kariuki,350
740891655,Brian,Mutiso,50
708211092,John,Kiptoo,3072
2.54721E+11,Cynthia,Kariuki,3072
731184478,Peter,Njoroge,200
7243268,Linda,Odhiambo,5120
795072964,John,Kiptoo,3072
707173468,David,Kariuki,100
796668276,Rita,Mutua,1024
743120557,Peter,Kariuki,50
794225086,Samuel,Mwangi,500
2.54703E+11,Daniel,Korir,2048
797753516,John,Mutua,500
2.54701E+11,Cynthia,Kiptoo,5120
745500170,Kevin,Kamau,200
720120712,Kevin,Njoroge,1024
727836876,Ann,Korir,3072
713112144,Brian,Wambui,350
731524491,Alex,Otieno,3072
2.54715E+11,Irene,Mutiso,100
2.54705E+11,Cynthia,Achieng,100
779328243,Ann,Kariuki,1024
724017443,Rita,Omondi,2048
708570738,Jane,Ochieng,50
2.54741E+11,Irene,Omondi,500
7419,John,Wambui,1024
701440482,Peter,Wambui,2048
2.54703E+11,Brian,Ochieng,50
2.54797E+11,Mary,Kariuki,100
701779191,Grace,Korir,100
2.54705E+11,Brian,Ochieng,350
771411979,Ann,Kamau,5120
700257062,Brian,Ochieng,50
721318195,Ann,Njoroge,100
2.54727E+11,Daniel,Otieno,100
795037490,Alex,Kiptoo,350
2.54798E+11,Grace,Njoroge,3072
077T099993,Kevin,Wambui,3072
793608828,Ann,Otieno,50
757032640,Alex,Omondi,200
704400339,Peter,Kariuki,3072
770870454,Kevin,Njoroge,50
753540727,Peter,Njoroge,350
720318,Peter,Wambui,1024
2.54707E+11,Daniel,Achieng,5120
794720739,Rita,Omondi,500
2.54703E+11,Samuel,Omondi,350
709395295,Samuel,Wambui,500
2.5474E+11,Jane,Kariuki,5120
713928609,Irene,Mutiso,5120
713949172,Alex,Njoroge,50
741141745,Samuel,Omondi,200
720718842,Linda,Mwangi,350
715606545,Linda,Kiptoo,3072
715403132,Jane,Mwangi,200
2.54798E+11,John,Korir,350
2.54736E+11,Linda,Ochieng,50
757052788,Alex,Otieno,2048
739280154,Alex,Wambui,2048
703970536,Brian,Omondi,3072
2.54711E+11,Daniel,Mutiso,1024
726730162,Ann,Korir,100
720405997,Samuel,Ochieng,350
2p4723L36324,John,Kamau,500
737232352,Alex,Mwangi,3072
791573044,Brian,Odhiambo,50
748071479,Mary,Kariuki,5120
747874406,Jane,Ochieng,100
722472856,Ann,Omondi,1024
704820193,Cynthia,Omondi,1024
2.54742E+11,Kevin,Kariuki,100
797704975,Peter,Omondi,3072
701263919,Kevin,Otieno,200
748689879,Cynthia,Kariuki,100
2.5475E+11,Alex,Ochieng,50
729634055,Jane,Wambui,200
746108608,Peter,Odhiambo,2048
7971907,Peter,Otieno,50
715356124,Peter,Otieno,500
771811847,Peter,Wambui,2048
707142510,Brian,Mutiso,100
748206881,David,Njoroge,500
726,John,Mutua,500
74044,Jane,Odhiambo,5120
2.54711E+11,Linda,Mwangi,3072
2.54716E+11,Cynthia,Odhiambo,3072
2.54745E+11,David,Odhiambo,350
2.54749E+11,Ann,Odhiambo,2048
792414376,Rita,Kamau,350
754987753,Grace,Odhiambo,500
705026075,Alex,Achieng,2048
704771301,Kevin,Njoroge,350
793437238,Cynthia,Odhiambo,200
795964145,Daniel,Njoroge,100
701933091,Peter,Kariuki,3072
791967428,Peter,Kamau,200
740246826,Mary,Njoroge,500
743980046,Samuel,Kamau,350
716923615,Alex,Kariuki,500
722135283,Ann,Achieng,3072
736585386,Cynthia,Mwangi,100
755931120,Ann,Odhiambo,3072
07Q99409J2,Alex,Odhiambo,3072
2.54714E+11,Rita,Wambui,50
737428397,David,Mwangi,100
2.54747E+11,Irene,Otieno,350
2.54716E+11,Rita,Mutua,500
751519530,Brian,Odhiambo,350
703522546,Brian,Njoroge,1024
2.5472E+11,Irene,Mwangi,200
2.54726E+11,Linda,Njoroge,50
748080705,Daniel,Odhiambo,5120
796062900,Peter,Mwangi,2048
748134784,Linda,Mutiso,50
7062,Jane,Kiptoo,500
719345900,Grace,Mutiso,3072
2.54773E+11,Linda,Mutiso,1024
2.5479E+11,Alex,Korir,500
707848111,Linda,Korir,1024
794439044,Peter,Odhiambo,500
790322363,Jane,Kamau,100
772661954,Brian,Odhiambo,3072
740411486,Samuel,Njoroge,200
25L729632405,Cynthia,Ochieng,2048
724745398,Cynthia,Njoroge,50
2.54799E+11,Kevin,Mwangi,350
2.54791E+11,Linda,Odhiambo,3072
072972l85W,Mary,Korir,3072
2.54704E+11,Kevin,Odhiambo,3072
737254020,Samuel,Korir,100
731280492,Linda,Wambui,200
77,Irene,Mwangi,100
793933334,Grace,Mwangi,350
2.54758E+11,Mary,Kiptoo,2048
714030096,Peter,Mwangi,50
722711049,Grace,Achieng,100
714315509,Cynthia,Kamau,50
790050040,David,Mutua,50
2.54714E+11,Kevin,Omondi,2048
2.54723E+11,Ann,Omondi,3072
2.54733E+11,Irene,Kiptoo,1024
716213402,Jane,Wambui,100
2.54777E+11,Alex,Korir,100
2.54738E+11,John,Njoroge,5120
710563796,Linda,Mutua,350
705412737,Rita,Kiptoo,1024
739868652,Daniel,Kamau,2048
752249951,Peter,Odhiambo,2048
799100641,Alex,Kamau,50
705149153,Mary,Ochieng,5120
747113173,Peter,Mwangi,100
0d42095009,Irene,Kariuki,2048
797599507,David,Odhiambo,2048
743,Brian,Korir,200
757995649,John,Odhiambo,1024
0l4e592677,Alex,Otieno,5120
713901841,David,Odhiambo,50
72,Alex,Odhiambo,50
0797489f64,Ann,Njoroge,100
792789411,Cynthia,Mutua,100
796474070,Brian,Otieno,200
745644029,Cynthia,Mwangi,500
2547407,Mary,Kariuki,50
735626937,Brian,Njoroge,350
790626945,Linda,Mwangi,200
705533842,David,Omondi,50
747864980,Daniel,Mutua,100
702767663,Jane,Achieng,100
759327037,Grace,Kamau,500
2.54799E+11,Brian,Mutiso,5120
779384648,Irene,Achieng,350
727423509,Irene,Achieng,5120
774430322,Grace,Wambui,50
758668181,Linda,Mutua,100
722054614,Ann,Kamau,200
792858894,Brian,Kiptoo,3072
755641733,Kevin,Mutua,2048
710510647,Mary,Kamau,2048
703703517,Jane,Otieno,350
739268651,Irene,Odhiambo,2048
712824015,Jane,Kiptoo,1024
747643062,Cynthia,Omondi,200
704098716,Rita,Njoroge,1024
740285713,Linda,Mwangi,1024
705100904,Irene,Kiptoo,200
724518655,Samuel,Kariuki,50
2.5476E+11,Kevin,Omondi,5120
700170828,Samuel,Omondi,100
07P12785S3,Peter,Achieng,50
746316869,Daniel,Odhiambo,350
2.54793E+11,Rita,Korir,350
707311962,Kevin,Wambui,350
2.54736E+11,Irene,Mutua,50
701519761,Rita,Kiptoo,200
2.54746E+11,Alex,Ochieng,5120
2.54707E+11,Samuel,Odhiambo,2048
702753115,Jane,Kariuki,200
725499,Samuel,Kamau,50
2.54723E+11,Daniel,Kamau,50
716728292,Peter,Omondi,500
717787385,Samuel,Wambui,200
2.54722E+11,Mary,Omondi,2048
2.54742E+11,Grace,Omondi,1024
711130900,Peter,Kariuki,3072
750127235,Cynthia,Kiptoo,1024
0702g60830,Kevin,Mutiso,5120
799962911,Rita,Omondi,3072
749472346,Kevin,Njoroge,100
713810886,Cynthia,Kamau,2048
794656391,Samuel,Kariuki,100
773145222,Irene,Mwangi,350
2.54744E+11,David,Mwangi,200
791906950,Jane,Odhiambo,1024
717328219,Peter,Achieng,5120
2.54749E+11,Mary,Njoroge,3072
741024496,Jane,Kamau,50
708980167,Jane,Achieng,350
792237508,Linda,Wambui,350
716636134,David,Mutua,1024
753608302,Brian,Odhiambo,5120
726805749,David,Njoroge,5120
2.54714E+11,Mary,Kamau,350
723719144,Ann,Mwangi,350
2.54757E+11,Jane,Kamau,200
708513047,Brian,Mutua,3072
714321333,Irene,Wambui,50
734928990,Rita,Otieno,5120
740174910,Peter,Mutua,5120
2.54725E+11,Cynthia,Njoroge,3072
779292772,Kevin,Ochieng,50
2.54724E+11,John,Korir,2048
721119998,Grace,Ochieng,5120
2.5471E+11,Cynthia,Kariuki,2048
720498701,Linda,Achieng,350
7019710,John,Korir,200
071e3Q5667,Rita,Mutiso,1024
2.5472E+11,Ann,Ochieng,3072
2.54703E+11,Mary,Wambui,200
729779395,Daniel,Njoroge,1024
747818145,David,Kariuki,1024
798250060,Peter,Mwangi,350
740625870,Cynthia,Wambui,3072
2.5472E+11,John,Ochieng,350
728100266,Samuel,Njoroge,100
772573535,David,Odhiambo,350
2.54744E+11,Jane,Njoroge,1024
706572,David,Mutua,200
733883735,Samuel,Odhiambo,100
2547,Irene,Otieno,500
25474145,Alex,Odhiambo,5120
713525486,Daniel,Mwangi,500
758459670,Ann,Wambui,50
079S262510,Daniel,Kariuki,500
0l03362625,Linda,Mwangi,2048
705828460,Irene,Wambui,3072
742886312,Grace,Omondi,100
741644058,Cynthia,Odhiambo,500
2.54707E+11,Jane,Njoroge,2048
793039823,Samuel,Ochieng,2048
748428538,Peter,Ochieng,3072
742974976,Daniel,Otieno,350
710940921,Grace,Omondi,350
2.54743E+11,Rita,Kamau,200
794059726,Samuel,Ochieng,2048
728303242,Linda,Mutua,3072
2.54721E+11,Alex,Kamau,350
729081499,Daniel,Mutua,200
07k2277X87,John,Mutiso,5120
702683026,Cynthia,Mutiso,100
799419823,Irene,Kamau,3072
0790m6438N,Brian,Mutua,3072
714018634,Linda,Korir,3072
798725613,Alex,Mwangi,200
711256765,Peter,Kamau,5120
2.54759E+11,Daniel,Ochieng,350
2.54797E+11,Grace,Mwangi,500
703523568,Grace,Mutiso,200
07J4518989,Kevin,Ochieng,50
2.54719E+11,Daniel,Omondi,100
790932920,Rita,Omondi,200
793902811,Alex,Mwangi,2048
746165145,Irene,Mwangi,200
7117460,Mary,Mutua,2048
2.54722E+11,Daniel,Odhiambo,50
740691079,Irene,Kiptoo,350
07952511I5,Brian,Mwangi,2048
0778dc4598,Grace,Korir,3072
792014464,Alex,Korir,100
777624555,Cynthia,Achieng,1024
798846124,Daniel,Wambui,3072
2.54715E+11,Peter,Kariuki,5120
718326300,Kevin,Omondi,5120
2.54714E+11,John,Kamau,350
2.54711E+11,Mary,Mwangi,100
754707200,Kevin,Njoroge,200
793260009,Alex,Korir,1024
2.54708E+11,David,Wambui,1024
790639743,Mary,Otieno,500
2.54775E+11,Grace,Omondi,3072
2.54728E+11,Alex,Njoroge,5120
719815629,Mary,Mutiso,5120
755926388,Samuel,Omondi,500
793843951,Kevin,Achieng,200
713511126,Alex,Kiptoo,5120
2.54743E+11,John,Njoroge,50
722612327,John,Mutua,50
700811030,Brian,Kamau,5120
792296195,Mary,Mutiso,3072
791575337,Irene,Odhiambo,3072
2.547E+11,Alex,Otieno,2048
730153249,Irene,Kariuki,3072
792087791,Linda,Kariuki,3072
727856990,Peter,Mutiso,3072
726974812,Linda,Odhiambo,1024
2.54791E+11,Linda,Wambui,5120
254,Mary,Mwangi,2048
710291745,Alex,Kamau,5120
791,Peter,Achieng,3072
2.54718E+11,David,Achieng,5120
790524297,Cynthia,Korir,3072
719384765,David,Omondi,200
2.54718E+11,Peter,Kamau,1024
745817242,Linda,Njoroge,100
2.5471E+11,Mary,Wambui,500
744563924,Linda,Kariuki,50
749167747,Grace,Mutua,350
2.54712E+11,Grace,Kariuki,200
712088762,David,Wambui,1024
2.54715E+11,David,Njoroge,3072
728106862,Jane,Mutua,100
729493669,John,Njoroge,100
2.54758E+11,Mary,Otieno,3072
742856103,Alex,Kiptoo,2048
737072182,Mary,Achieng,50
2.548E+11,Peter,Kiptoo,350
705584734,Daniel,Ochieng,5120
2.54741E+11,Alex,Wambui,500
725669464,David,Otieno,50
736694075,Mary,Otieno,200
731036685,Kevin,Mutiso,1024
747914254,Linda,Omondi,5120
794910711,Jane,Kiptoo,200
709817217,Rita,Wambui,200
779477693,Irene,Wambui,200
724871245,Jane,Omondi,50
25474y987802,Ann,Njoroge,2048
794630606,Peter,Kamau,5120
2.54792E+11,David,Mutua,1024
2547338,Daniel,Odhiambo,2048
2.54792E+11,Kevin,Wambui,2048
2.54743E+11,Peter,Omondi,5120
729115056,Grace,Mutiso,200
2.54748E+11,Linda,Mwangi,2048
7551,Peter,Njoroge,1024
705383464,Mary,Mutiso,350
794254657,Daniel,Ochieng,5120
2.54722E+11,Cynthia,Mutiso,3072
721166898,Samuel,Ochieng,350
7227,Irene,Ochieng,5120
714369213,Brian,Korir,2048
2.54728E+11,Mary,Korir,200
709988111,Rita,Omondi,500
714718827,John,Mwangi,2048
2.547E+11,Irene,Mutiso,2048
726445906,Linda,Achieng,3072
75484,Kevin,Ochieng,5120
758027785,Brian,Mutua,2048
2.54723E+11,Daniel,Omondi,50
739697893,Brian,Achieng,5120
798311811,Jane,Odhiambo,350
2.54795E+11,Grace,Njoroge,5120
702875268,Irene,Kamau,50
715613712,Samuel,Mutua,5120
742493706,David,Achieng,5120
790027720,Rita,Mwangi,500
703,Grace,Kariuki,100
743808012,Daniel,Mutua,3072
702716974,Ann,Wambui,1024
749362515,John,Kariuki,2048
703059148,Brian,Mwangi,3072
07020933V9,Mary,Kariuki,200
726472629,Mary,Omondi,100
2.54775E+11,Peter,Kariuki,2048
719333241,Ann,Mutiso,200
719599080,Peter,Kiptoo,500
711617438,Linda,Achieng,500
718498978,David,Odhiambo,350
729671587,Peter,Achieng,100
711506853,Linda,Kiptoo,2048
715102533,Peter,Kamau,100
2.54712E+11,Linda,Njoroge,100
778591364,Kevin,Kariuki,100
2.54709E+11,Daniel,Mutua,3072
702913476,Brian,Omondi,1024
2.54795E+11,Irene,Kariuki,2048
2.54707E+11,Brian,Mwangi,3072
726163289,Ann,Otieno,350
749608033,Daniel,Mutua,200
713352517,Rita,Wambui,3072
2.5479E+11,John,Mutiso,200
796956553,Irene,Kiptoo,50
2.54715E+11,John,Otieno,1024
2.54714E+11,Peter,Mutua,5120
2.54756E+11,Mary,Wambui,350
713106124,Samuel,Kamau,100
2.54799E+11,Ann,Kiptoo,5120
2.54729E+11,Grace,Njoroge,5120
2.54713E+11,Irene,Kariuki,3072
730828208,Samuel,Njoroge,100
705235418,Irene,Omondi,200
25477378o376,Alex,Korir,3072
2.54725E+11,Irene,Otieno,50
717951938,Linda,Mutiso,5120
748785073,Alex,Korir,3072
723331223,Peter,Wambui,500
714584911,John,Otieno,1024
797427010,Peter,Mwangi,100
07957254q5,Linda,Njoroge,100
793288576,Grace,Mwangi,50
702657427,Ann,Ochieng,200
702657514,Daniel,Korir,350
2.54739E+11,David,Mutua,350
750836066,Mary,Kamau,200
2.54728E+11,Brian,Kamau,200
748069832,Ann,Omondi,350
798658590,Jane,Wambui,5120
799917880,Jane,Mutua,500
2.54757E+11,David,Kariuki,3072
2.54736E+11,Kevin,Mutua,1024
747275259,Irene,Achieng,350
714296222,Linda,Odhiambo,1024
2.54793E+11,David,Otieno,100
721386844,Peter,Kamau,100
2.54791E+11,Alex,Mutiso,350
755221114,Rita,Kariuki,350
734744102,Irene,Otieno,350
791757841,Brian,Ochieng,5120
2.5475E+11,Irene,Omondi,50
2.54774E+11,Peter,Kariuki,100
2.54724E+11,Rita,Njoroge,3072
722109563,Ann,Kamau,500
747247271,Cynthia,Kariuki,200
756688801,Peter,Kariuki,2048
735008089,Irene,Mutiso,100
726356076,Cynthia,Njoroge,200
720442160,Ann,Otieno,100
2.5475E+11,Grace,Wambui,1024
717866271,Linda,Achieng,2048
2.54742E+11,Cynthia,Kamau,5120
702964193,Brian,Kiptoo,350
2.54733E+11,Brian,Mutiso,350
7161459,David,Otieno,100
2.54723E+11,Cynthia,Mwangi,50
2.54796E+11,Irene,Otieno,500
796273876,Peter,Korir,5120
708748717,David,Odhiambo,1024
070847919M,Rita,Otieno,5120
792026423,Kevin,Omondi,100
2.54795E+11,Brian,Mutua,5120
724982289,Daniel,Omondi,2048
744280918,Jane,Mutua,200
723863,Rita,Mutua,5120
725170628,Mary,Odhiambo,2048
731781632,Cynthia,Njoroge,5120
710115238,Cynthia,Achieng,100
705598894,Brian,Achieng,3072
2.54701E+11,John,Kamau,100
2.54774E+11,Rita,Mutiso,5120
2.54748E+11,Jane,Odhiambo,5120
727272309,Samuel,Korir,350
703635656,David,Wambui,3072
794244000,Linda,Otieno,500
708456037,Peter,Mutua,200
25472,Mary,Mutua,2048
2.54702E+11,Daniel,Kamau,1024
797999882,Irene,Kiptoo,500
707504954,Rita,Mutiso,5120
755508,Rita,Mutiso,3072
732951727,Alex,Odhiambo,3072
2.54759E+11,Peter,Otieno,5120
713310909,Alex,Mutiso,500
711161429,Irene,Otieno,200
2547069,Samuel,Kariuki,5120
2.54722E+11,Linda,Kiptoo,1024
756221554,Brian,Mwangi,50
793841559,Rita,Otieno,350
740474638,Mary,Mwangi,50
2.54714E+11,Grace,Otieno,50
2.54726E+11,David,Odhiambo,2048
747315558,Jane,Mutua,100
0g13300X11,Irene,Kariuki,3072
798746174,Jane,Kamau,200
713122828,Grace,Omondi,1024
748063071,John,Odhiambo,1024
2.5471E+11,Irene,Njoroge,350
751124738,Cynthia,Njoroge,1024
745000639,David,Otieno,1024
727857417,John,Wambui,200
709371509,John,Korir,200
2.54792E+11,Rita,Achieng,5120
714236674,Brian,Njoroge,500
744009884,Alex,Kiptoo,200
791681722,Daniel,Kiptoo,50
724718033,Kevin,Ochieng,3072
700656674,Mary,Ochieng,500
07061K9236,Irene,Wambui,50
717608626,Alex,Korir,350
2.5479E+11,Cynthia,Mutua,100
725945172,Alex,Achieng,1024
07j8204774,Daniel,Wambui,3072
2.54709E+11,Linda,Ochieng,100
2.54708E+11,Grace,Kamau,3072
709722664,Irene,Kamau,100
2.5474E+11,Irene,Wambui,500
793935839,Samuel,Omondi,350
2.54797E+11,Linda,Otieno,100
2.5472E+11,Ann,Otieno,2048
254,Alex,Ochieng,5120
799742740,Alex,Korir,200
2.54771E+11,Grace,Wambui,200
712664881,Daniel,Kamau,200
72977,Rita,Ochieng,50
779737899,Rita,Achieng,200
723747870,Samuel,Mutua,5120
750823019,Brian,Kamau,200
725744152,Grace,Otieno,5120
795845210,Daniel,Wambui,1024
723277145,Kevin,Odhiambo,2048
708267124,Samuel,Korir,5120
2.5475E+11,Peter,Kariuki,50
744639026,Kevin,Mutiso,1024
7937,Irene,Ochieng,1024
744004545,Cynthia,Mutiso,3072
725610968,Peter,Odhiambo,5120
796572369,David,Omondi,3072
704062997,Brian,Odhiambo,5120
742954436,Linda,Omondi,200
2.54772E+11,Ann,Ochieng,50
720,Jane,Mutua,350
741340922,David,Kamau,3072
743166676,John,Kiptoo,3072
751668135,Peter,Wambui,100
739910731,Rita,Korir,100
721734650,Linda,Ochieng,200
079249477x,Alex,Achieng,2048
7397,Grace,Kariuki,2048
743827852,Peter,Omondi,100
714236725,John,Otieno,3072
077407024Z,Daniel,Kiptoo,200
744033261,John,Otieno,50
706951891,Brian,Mwangi,100
2.54722E+11,Samuel,Kamau,200
704799966,Peter,Odhiambo,200
796714770,Peter,Kariuki,3072
708959961,Kevin,Mutiso,2048
075M620810,Samuel,Njoroge,500
2.54704E+11,Alex,Omondi,500
2.54746E+11,Peter,Achieng,50
714057902,Grace,Njoroge,100
794615129,Linda,Mutiso,100
2.54727E+11,Grace,Njoroge,350
791579370,David,Kamau,1024
722,David,Kamau,3072
705029302,Alex,Kariuki,3072
2.54791E+11,Peter,Korir,100
721538018,Mary,Achieng,500
728906150,David,Mutiso,200
702775331,Jane,Omondi,1024
2.54709E+11,Rita,Ochieng,100
700521853,Grace,Omondi,3072
25472,Jane,Mutiso,200
793721426,Linda,Wambui,5120
2.5479E+11,Cynthia,Ochieng,500
722674942,Brian,Wambui,200
700998357,Ann,Otieno,350
744518608,Linda,Kariuki,50
2.54711E+11,Rita,Njoroge,100
796178740,Alex,Otieno,100
07342008f3,Samuel,Kamau,1024
703411759,Cynthia,Wambui,200
753963756,Peter,Mutiso,350
749458310,Rita,Ochieng,1024
25471736610h,Samuel,Omondi,200
791765384,Mary,Wambui,500
774503264,Irene,Otieno,3072
724573964,Mary,Kariuki,500
2.54717E+11,Jane,Otieno,500
743733178,David,Mutua,5120
2.54738E+11,Mary,Njoroge,50
722671690,Grace,Kamau,3072
706499075,Rita,Mutiso,200
799384223,Peter,Mutiso,200
756899918,Daniel,Mwangi,50
793848403,Grace,Kiptoo,1024
777384182,Samuel,Mutua,200
755910408,Daniel,Otieno,200
2.54721E+11,Peter,Mutiso,50
700877033,Kevin,Njoroge,5120
2.54797E+11,Brian,Kamau,500
794094150,Irene,Mwangi,200
716697371,Jane,Omondi,1024
2.54706E+11,Brian,Achieng,5120
729306079,Peter,Mutiso,2048
704884994,John,Odhiambo,50
713484467,Samuel,Odhiambo,2048
791320786,Rita,Ochieng,500
706265265,Brian,Achieng,5120
707486554,Alex,Kariuki,5120
752581161,Samuel,Wambui,50
2.548E+11,David,Wambui,200
J70H209939,Daniel,Njoroge,50
700142342,Irene,Ochieng,200
748426939,Brian,Odhiambo,50
702868144,Linda,Mwangi,2048
702700817,Alex,Otieno,3072
717152341,Grace,Kariuki,5120
790285440,Grace,Korir,50
2.54743E+11,Irene,Achieng,500
2.54719E+11,Linda,Kariuki,350
743121328,Rita,Omondi,200
2.54797E+11,Kevin,Korir,1024
2.54711E+11,Linda,Njoroge,2048
715474981,Kevin,Odhiambo,100
708622833,Kevin,Njoroge,100
722012685,John,Njoroge,100
741409460,Alex,Otieno,500
2.54721E+11,Alex,Mwangi,500
2.5473E+11,Ann,Ochieng,500
706611546,Brian,Wambui,500
711018131,Linda,Mwangi,50
2.54724E+11,Peter,Mwangi,500
714164603,Jane,Odhiambo,2048
724737870,Daniel,Odhiambo,1024
746602943,Ann,Otieno,1024
792897447,Cynthia,Odhiambo,1024
2.54793E+11,John,Mutiso,50
739884391,Brian,Mutiso,200
703943609,Linda,Mwangi,200
715646736,Jane,Achieng,1024
752079105,Daniel,Njoroge,200
705770638,Irene,Ochieng,500
716106,Grace,Odhiambo,2048
717304441,Rita,Omondi,3072
2.54727E+11,David,Achieng,2048
717844131,David,Mutiso,350
756594993,Ann,Wambui,100
778555705,Irene,Njoroge,100
703958885,Kevin,Mutiso,100
2.54718E+11,Ann,Otieno,1024
707863040,Alex,Kariuki,200
710957856,Alex,Korir,3072
752289425,Ann,Kariuki,50
2.54713E+11,Cynthia,Mutiso,500
712792320,Ann,Mutua,1024
714643604,David,Kiptoo,350
2.54718E+11,Rita,Mutua,50
749290702,Alex,Kiptoo,5120
799102483,Samuel,Wambui,100
2.5475E+11,Irene,Achieng,500
704930335,Daniel,Achieng,50
743721555,Peter,Ochieng,350
254748i99562,Kevin,Korir,3072
775636435,Grace,Mutiso,100
2.5471E+11,Daniel,Achieng,2048
2.54795E+11,Samuel,Njoroge,100
2.54705E+11,Peter,Odhiambo,100
758508852,Irene,Kiptoo,5120
745213398,David,Korir,100
794815506,Cynthia,Omondi,3072
703534382,Linda,Achieng,500
2.54727E+11,Alex,Korir,3072
795420831,John,Kariuki,5120
742682888,John,Kariuki,5120
736516295,Cynthia,Mwangi,50
715733546,Brian,Otieno,5120
2547U154800g,Brian,Wambui,1024
2.54745E+11,Kevin,Kiptoo,3072
715839380,Rita,Otieno,50
799653168,Linda,Mutua,50
742617651,Ann,Kamau,1024
715068312,John,Korir,3072
709590981,Daniel,Korir,100
723571386,Ann,Odhiambo,50
0k10011665,Samuel,Omondi,3072
722425141,Cynthia,Kariuki,100
0o247a9196,Linda,Wambui,200
710155049,Brian,Omondi,50
793116682,Daniel,Kiptoo,5120
704710084,Cynthia,Wambui,2048
718258336,Rita,Mutiso,200
2.54728E+11,John,Mutiso,200
724721787,Samuel,Mutua,100
744154963,Ann,Korir,50
2.54725E+11,Jane,Kariuki,50
079n078654,Cynthia,Wambui,50
723796548,Ann,Ochieng,2048
706174612,Alex,Ochieng,3072
740205970,Alex,Njoroge,50
744974007,Grace,Korir,1024
2.54715E+11,Alex,Njoroge,350
796548537,Rita,Mwangi,3072
725222260,Samuel,Wambui,500
726283625,Brian,Kariuki,350
711547456,Jane,Otieno,200
2.54731E+11,Jane,Kamau,200
721874482,Rita,Mutiso,1024
749948472,Brian,Mutiso,350
2.54705E+11,Daniel,Kariuki,350
727461529,Cynthia,Odhiambo,350
734553141,Kevin,Omondi,500
740571617,Cynthia,Mutiso,200
2.5474E+11,David,Njoroge,350
758257414,Ann,Mutua,350
7127651,Brian,Wambui,1024
2.54732E+11,Kevin,Kamau,2048
799174,Daniel,Wambui,100
717204830,Ann,Njoroge,3072
742806453,Grace,Kiptoo,3072
71,Ann,Odhiambo,500
741251775,Samuel,Odhiambo,3072
2.54713E+11,Alex,Odhiambo,2048
2.548E+11,Brian,Otieno,1024
798674341,Rita,Njoroge,1024
740838684,Cynthia,Mutua,5120
728316473,Peter,Otieno,500
736124409,Jane,Kamau,50
710798764,John,Mutua,2048
711331160,Jane,Korir,1024
71691,Samuel,Kariuki,350
707384810,Rita,Kariuki,100
791670417,Ann,Mwangi,50
2547,John,Korir,350
2.54744E+11,David,Mutua,1024
2.54709E+11,Kevin,Kamau,5120
701521642,Rita,Ochieng,500
797856141,Linda,Mutiso,5120
709633669,Ann,Njoroge,5120
2.54723E+11,Alex,Korir,500
753775540,Brian,Ochieng,350
712463059,David,Achieng,350
748155901,Ann,Odhiambo,5120
2.54746E+11,Mary,Ochieng,3072
2.54792E+11,Mary,Kamau,500
719031600,Irene,Kiptoo,50
753540714,Brian,Achieng,5120
704857776,Kevin,Odhiambo,500
706687208,Jane,Kariuki,3072
25D758860115,Brian,Otieno,500
725171504,Peter,Mutua,3072
726854346,Rita,Odhiambo,1024
754018289,Brian,Omondi,200
706454000,Brian,Kiptoo,1024
737847262,Alex,Kariuki,3072
742440122,Jane,Ochieng,3072
702660330,Jane,Kariuki,3072
702426889,Irene,Mutua,2048
714181,Grace,Odhiambo,500
2.54712E+11,Brian,Kiptoo,100
717682619,Brian,Achieng,50
702818654,Kevin,Achieng,5120
795838629,Samuel,Kiptoo,100
2.54714E+11,Irene,Otieno,350
2.54743E+11,Cynthia,Otieno,3072
2.54709E+11,Grace,Ochieng,1024
2.54708E+11,Alex,Odhiambo,5120
744644001,Grace,Achieng,5120
2.54708E+11,Rita,Kamau,1024
717212832,Grace,Mwangi,2048
721216646,Linda,Kamau,1024
2w4759937374,Jane,Odhiambo,3072
2.54777E+11,David,Odhiambo,1024
793813005,Samuel,Wambui,200
797036412,Jane,Kiptoo,350
2.54721E+11,Samuel,Mutua,350
2.54743E+11,Peter,Kiptoo,50
748622083,Cynthia,Mutua,1024
2.5472E+11,Ann,Omondi,1024
722450160,Samuel,Njoroge,500
793024271,Samuel,Otieno,500
2.54728E+11,David,Odhiambo,500
736452222,Mary,Wambui,1024
797143897,Peter,Achieng,500
705610777,Kevin,Wambui,100
744129929,David,Omondi,50
7553650,Samuel,Wambui,50
734639076,Samuel,Mutiso,1024
741361995,Ann,Achieng,50
2.54723E+11,Mary,Mwangi,5120
798344627,Grace,Achieng,1024
724322358,Irene,Mutua,200
2.54714E+11,Cynthia,Kiptoo,200
713952811,Peter,Mutiso,3072
709994267,Grace,Ochieng,50
2.54711E+11,John,Kamau,50
741019929,Irene,Ochieng,350
725325725,Ann,Omondi,1024
724460940,Ann,Korir,100
709554380,Brian,Ochieng,50
796201469,Kevin,Wambui,2048
254738e05x41,John,Wambui,5120
2.54749E+11,Irene,Achieng,3072
716433369,David,Otieno,3072
753209319,Peter,Achieng,350
753459050,John,Kiptoo,350
2547T66955n1,Mary,Odhiambo,50
74,Kevin,Mutiso,3072
747020093,David,Kiptoo,500
722590258,Rita,Ochieng,500
2.5472E+11,Irene,Kiptoo,5120
2.54704E+11,John,Kiptoo,100
729135603,Grace,Wambui,100
v54745162T23,Rita,Korir,200
736252258,Ann,Achieng,500
756901478,Linda,Kamau,50
723773353,Linda,Kamau,2048
2.54794E+11,Ann,Kamau,3072
794549630,Jane,Odhiambo,5120
723798296,Mary,Wambui,200
704877604,Mary,Mutua,350
719095230,Samuel,Omondi,5120
709182187,Jane,Ochieng,5120
790565198,Irene,Achieng,200
2.54726E+11,Kevin,Kariuki,500
728657607,Alex,Mutua,200
2.54721E+11,Grace,Kamau,3072
749337860,Irene,Mwangi,100
729007077,John,Korir,200
710703467,Rita,Odhiambo,3072
721953344,Mary,Achieng,350
706406020,Grace,Mwangi,50
745064136,Rita,Korir,100
2.54701E+11,Alex,Korir,3072
732340697,Brian,Mutua,100
718529456,Daniel,Omondi,2048
715476207,John,Mutua,1024
0725494nG3,Grace,Kiptoo,3072
725090488,Grace,Kariuki,500
790776659,Daniel,Njoroge,500
773111383,Mary,Mutiso,100
2.54775E+11,Irene,Kamau,3072
2.54706E+11,Grace,Kariuki,2048
716290926,Brian,Mwangi,50
700513725,David,Korir,3072
719273260,Samuel,Njoroge,2048
2.54734E+11,David,Mwangi,5120
776100488,Linda,Mutiso,5120
2.54776E+11,Linda,Kiptoo,100
74331,Cynthia,Ochieng,100
2.54773E+11,John,Ochieng,350
738365504,Rita,Kariuki,5120
714022969,Rita,Otieno,1024
2.54717E+11,John,Wambui,5120
2.54704E+11,Cynthia,Odhiambo,200
718406592,Jane,Ochieng,50
2.54731E+11,Cynthia,Kiptoo,1024
793123419,Ann,Njoroge,500
2.54741E+11,Rita,Njoroge,3072
7967,Alex,Njoroge,350
725731422,Mary,Otieno,350
2.54713E+11,Brian,Achieng,3072
743439906,Grace,Otieno,200
779758824,Brian,Mwangi,3072
747635214,Jane,Odhiambo,50
720652187,Kevin,Achieng,1024
710846297,Ann,Otieno,500
797481922,Irene,Kiptoo,2048
723528928,Grace,Kamau,3072
799428715,Cynthia,Odhiambo,1024
735332770,John,Kamau,3072
759550253,Brian,Odhiambo,1024
719029305,John,Odhiambo,200
2.54775E+11,Rita,Njoroge,3072
701142176,David,Otieno,350
2.54708E+11,Samuel,Omondi,500
72,Rita,Mutua,1024
2.54724E+11,David,Kiptoo,1024
721120417,Kevin,Kariuki,200
793690755,Ann,Kariuki,5120
701959215,Irene,Mwangi,3072
744838255,Samuel,Kariuki,1024
2.54753E+11,Mary,Odhiambo,200
759645022,David,Kamau,50
744,Peter,Kamau,50
2.54744E+11,David,Mutiso,200
751519192,Irene,Korir,5120
712144300,Ann,Otieno,5120
2.54704E+11,Rita,Kamau,200
727368276,Mary,Kiptoo,5120
07K0955368,Kevin,Mutua,350
743350547,Grace,Kariuki,1024
719579010,Rita,Ochieng,3072
723893781,Samuel,Odhiambo,5120
793402285,John,Kamau,3072
741153,Brian,Kiptoo,50
712097491,Jane,Mutua,3072
2.5472E+11,Irene,Omondi,2048
720848880,Irene,Njoroge,500
07269o7j77,David,Mwangi,100
2.54706E+11,Samuel,Ochieng,50
x745731790,Brian,Njoroge,200
2.54745E+11,John,Kiptoo,3072
2.54716E+11,Linda,Kamau,200
724067058,Alex,Kariuki,3072
710883372,Grace,Mutua,50
706404871,Brian,Mwangi,50
2.54774E+11,Daniel,Njoroge,1024
709341078,Samuel,Wambui,2048
2.54775E+11,Daniel,Kamau,200
741331512,Ann,Kamau,500
2.54777E+11,Rita,Odhiambo,3072
710626109,Linda,Kamau,1024
2.54704E+11,Brian,Ochieng,50
2.54751E+11,Linda,Kiptoo,50
2.54742E+11,Brian,Korir,350
2.54703E+11,Peter,Kamau,350
703864910,Cynthia,Kiptoo,1024
798058582,Ann,Kamau,100
729876667,Peter,Otieno,100
799463396,Alex,Odhiambo,200
725827746,Peter,Kiptoo,500
740380392,Peter,Mutiso,100
744306226,Brian,Mutiso,1024
2.54733E+11,Brian,Otieno,3072
2.54707E+11,John,Mutua,350
702587901,Ann,Njoroge,200
713722854,Daniel,Njoroge,350
2.54771E+11,Daniel,Omondi,2048
794573449,Brian,Kariuki,50
759688989,Kevin,Mutua,50
2.54721E+11,Irene,Mwangi,3072
07Xa557151,Ann,Njoroge,50
2.54706E+11,Linda,Mwangi,200
2.54743E+11,David,Otieno,5120
2.54771E+11,Cynthia,Mutua,200
2.5479E+11,Samuel,Achieng,100
716216703,Daniel,Ochieng,5120
778610504,Peter,Achieng,500
07739v9588,Irene,Kamau,50
7244328,Peter,Kariuki,1024
070r036353,Kevin,Kariuki,3072
2.5476E+11,Irene,Korir,3072
254,Alex,Korir,100
2.54707E+11,Linda,Achieng,100
771453929,Irene,Kariuki,1024
2.54715E+11,Cynthia,Kiptoo,200
745611,Alex,Kariuki,5120
2.54742E+11,Grace,Ochieng,50
702796054,Jane,Achieng,100
723587934,Alex,Kamau,350
J7340t9184,Peter,Kariuki,3072
2.54718E+11,Linda,Achieng,2048
798246909,Ann,Njoroge,1024
732388501,Irene,Kiptoo,100
716261831,Cynthia,Wambui,3072
793586229,Kevin,Otieno,5120
706811133,Jane,Mutua,50
2.54719E+11,Rita,Kariuki,5120
725306256,Irene,Ochieng,100
722389769,Kevin,Otieno,50
254,Samuel,Mutiso,350
720156821,Jane,Njoroge,500
7006,Daniel,Mwangi,1024
774210729,Jane,Mutua,3072
754,Rita,Omondi,50
717888735,Ann,Mutiso,500
2.54742E+11,David,Kiptoo,2048
2.54776E+11,Jane,Kamau,500
2.54729E+11,Samuel,Mwangi,50
725099130,Brian,Kiptoo,350
709651031,Brian,Njoroge,50
790563235,Grace,Odhiambo,2048
728277581,Ann,Odhiambo,350
705498263,Ann,Otieno,50
751869850,Irene,Mutiso,50
2.54775E+11,Mary,Achieng,3072
712843681,John,Kiptoo,2048
797195185,Mary,Mwangi,2048
740593295,David,Njoroge,500
2.54708E+11,Ann,Kamau,100
2.54706E+11,Linda,Mutua,1024
708102134,Rita,Odhiambo,50
2.54722E+11,Daniel,Korir,50
254758b00317,Rita,Kariuki,2048
718838179,Ann,Njoroge,100
754616639,David,Kariuki,350
2.54751E+11,Rita,Mutiso,3072
717913445,Daniel,Achieng,500
728933258,Peter,Ochieng,5120
2.54717E+11,Alex,Mwangi,350
2.5474E+11,Linda,Mutua,100
754881151,Alex,Njoroge,5120
743779462,Jane,Njoroge,500
2.54746E+11,Rita,Wambui,50
2.54773E+11,Samuel,Wambui,1024
754642242,Brian,Otieno,2048
705900415,Linda,Ochieng,2048
715990394,Mary,Mutua,500
2.54706E+11,David,Mutiso,2048
722081977,Daniel,Mutua,1024
715060300,Cynthia,Wambui,200
753369286,Brian,Odhiambo,350
748313633,Jane,Njoroge,5120
734268853,Jane,Kamau,2048
736085167,Ann,Kamau,3072
776210402,Cynthia,Otieno,50
748279,Daniel,Achieng,200
714383695,Grace,Kamau,100
2.54701E+11,Kevin,Omondi,500
715408620,Linda,Kiptoo,1024
729936801,Daniel,Kamau,5120
2.54702E+11,Grace,Omondi,50
2.54705E+11,Cynthia,Otieno,3072
2.54701E+11,Brian,Mwangi,200
2.54709E+11,Irene,Njoroge,1024
727523562,Cynthia,Mutiso,100
724124984,Irene,Korir,200
2.54711E+11,Linda,Wambui,500
744200839,Brian,Mwangi,50
729004749,Rita,Ochieng,1024
7499894,Daniel,Achieng,500
727592083,Kevin,Kiptoo,100
793413187,Daniel,Mutiso,2048
71,Rita,Mutua,1024
796067648,Alex,Odhiambo,1024
2.54796E+11,Mary,Kamau,5120
07044011F0,Alex,Korir,1024
2.54709E+11,Peter,Odhiambo,1024
2.54713E+11,Daniel,Achieng,3072
2.54721E+11,David,Kiptoo,350
707436532,Grace,Mwangi,100
722913103,Brian,Kariuki,3072
707882670,Mary,Wambui,3072
796615670,Alex,Kiptoo,2048
701726312,Mary,Achieng,1024
2.54717E+11,Rita,Otieno,100
754647704,Rita,Achieng,3072
2.54795E+11,Linda,Odhiambo,5120
712623380,Irene,Mwangi,500
2.54795E+11,Jane,Otieno,100
796118248,Samuel,Odhiambo,50
2.54758E+11,Alex,Odhiambo,5120
723103234,Alex,Kamau,50
2.54726E+11,Mary,Kiptoo,100
791340828,Ann,Mwangi,1024
2.54796E+11,Alex,Omondi,1024
723852691,Daniel,Njoroge,350
753640287,David,Mutua,1024
704485264,John,Ochieng,500
729882981,Samuel,Kariuki,2048
721351671,Kevin,Odhiambo,50
704652094,Jane,Kiptoo,5120
2.54713E+11,Samuel,Achieng,50
2.54775E+11,Rita,Otieno,1024
2.54748E+11,Samuel,Wambui,3072
770063769,Jane,Korir,200
716246389,Cynthia,Korir,3072
074P600850,Alex,Kamau,50
755870533,Brian,Mutua,1024
717566451,Brian,Njoroge,1024
792388,Mary,Korir,350
738454629,John,Kiptoo,3072
700398408,Ann,Wambui,500
742874498,Cynthia,Otieno,5120
777418979,John,Kariuki,200
075988i234,Mary,Mwangi,350
712317952,Samuel,Njoroge,1024
2.54795E+11,Rita,Achieng,2048
2547481,Peter,Njoroge,3072
2.54791E+11,Kevin,Mwangi,500
798904907,Kevin,Otieno,350
07y0033226,Jane,Korir,100
793371093,Samuel,Wambui,350
791691298,Peter,Korir,3072
793696156,Samuel,Otieno,2048
7967,Jane,Kamau,1024
720831790,Jane,Kamau,200
749562163,Brian,Mwangi,1024
710545122,Ann,Mwangi,5120
758195369,Jane,Njoroge,1024
752145291,Linda,Otieno,350
749540278,Mary,Korir,200
703323107,Irene,Otieno,50
2.54722E+11,Daniel,Achieng,100
713812969,Samuel,Kariuki,1024
792638440,Linda,Omondi,200
721143254,Mary,Achieng,200
2.54749E+11,Grace,Kariuki,500
710282777,Alex,Kamau,3072
07190H0769,Ann,Wambui,100
718548257,John,Kariuki,5120
2.54759E+11,Daniel,Wambui,5120
2.54705E+11,Alex,Wambui,1024
2.548E+11,Brian,Kiptoo,500
716848603,Brian,Otieno,100
712023120,Rita,Mutua,100
706327733,Brian,Kamau,350
794730622,Cynthia,Kariuki,200
254749P95174,Mary,Odhiambo,100
704955300,Daniel,Kariuki,500
708975143,Jane,Njoroge,2048
07416423T3,Cynthia,Korir,100
708660001,Brian,Korir,500
798286615,Grace,Omondi,200
718056073,Samuel,Achieng,5120
2.54709E+11,Kevin,Mutua,3072
740216925,Irene,Njoroge,50
757402925,David,Odhiambo,1024
792443640,Cynthia,Achieng,2048
747168191,Samuel,Kamau,50
2.54715E+11,Peter,Kiptoo,200
2.54797E+11,Rita,Korir,200
795661268,Mary,Achieng,350
705762945,John,Njoroge,200
747602436,Brian,Kamau,3072
2.54707E+11,Linda,Otieno,100
708337390,Alex,Wambui,1024
793947561,Peter,Mwangi,2048
07502i6107,Alex,Korir,50
702530015,Kevin,Kiptoo,500
2.5472E+11,Rita,Mutua,5120
2.54723E+11,Samuel,Mutiso,1024
754941517,Brian,Korir,200
799047937,David,Mwangi,100
723681001,Linda,Korir,50
746525785,John,Otieno,3072
797477975,Mary,Kamau,1024
705920062,Ann,Kariuki,350
791,Cynthia,Omondi,200
728156771,Alex,Kiptoo,2048
792769099,Peter,Korir,350
713359910,Samuel,Omondi,350
770775057,Brian,Achieng,3072
2.54711E+11,Brian,Odhiambo,350
079676L065,Kevin,Kiptoo,5120
799657663,Daniel,Otieno,2048
2.54705E+11,Alex,Kamau,1024
725447251,Alex,Ochieng,5120
700321548,Jane,Korir,5120
739324391,Rita,Wambui,1024
779705016,Daniel,Njoroge,5120
2.54744E+11,Jane,Mutiso,500
703608826,Cynthia,Omondi,2048
702533124,Jane,Kariuki,2048
756154,Grace,Kariuki,350
724867444,Ann,Mutiso,2048
796382718,Rita,Kariuki,1024
749224488,Rita,Omondi,2048
722347041,Daniel,Mwangi,500
7.12E+08,Kevin,Korir,100
729227930,Peter,Mutua,50
720984204,Irene,Kamau,2048
711674110,Kevin,Omondi,200
742192564,Ann,Mutiso,50
723483931,Mary,Ochieng,2048
797333672,Jane,Njoroge,500
2.54795E+11,Samuel,Otieno,5120
705615260,Alex,Mwangi,3072
744244375,Brian,Mutiso,500
2.54755E+11,Peter,Korir,2048
718490870,Cynthia,Otieno,200
796525182,Irene,Wambui,500
739752705,John,Otieno,3072
718295287,Ann,Korir,1024
723641427,Ann,Otieno,50
25471,Linda,Mwangi,2048
727658513,Mary,Kamau,50
747986356,Brian,Mutiso,350
2.5472E+11,Rita,Achieng,1024
707503228,Jane,Kariuki,5120
795781718,Mary,Achieng,5120
745563337,Samuel,Njoroge,2048
712742550,Linda,Ochieng,5120
2.54753E+11,Irene,Mwangi,50
700847456,Rita,Wambui,1024
71756,Jane,Achieng,500
700465812,Rita,Njoroge,2048
717850331,John,Wambui,50
790407364,Jane,Kamau,200
2.54704E+11,David,Mutiso,5120
2.54726E+11,Linda,Odhiambo,2048
757643623,Daniel,Kiptoo,200
747161714,Linda,Njoroge,200
742921562,Grace,Kamau,200
724215033,Grace,Wambui,350
708381664,Cynthia,Wambui,50
704452986,Kevin,Otieno,100
75,John,Njoroge,5120
710873605,Kevin,Mwangi,100
2.54737E+11,Irene,Korir,500
2.54707E+11,Ann,Omondi,2048
706778704,Brian,Kariuki,5120
774894629,Ann,Korir,1024
709500345,Peter,Omondi,200
729955708,Daniel,Achieng,2048
703364660,Peter,Mutua,100
79,Cynthia,Kiptoo,1024
796039888,John,Kiptoo,50
2.54715E+11,David,Wambui,200
777957721,David,Mutua,3072
754719731,John,Achieng,1024
707665583,Kevin,Achieng,3072
731339112,Kevin,Mutiso,1024
772587000,Alex,Mutua,2048
726073822,Jane,Mwangi,2048
2.54721E+11,Daniel,Korir,3072
74,Linda,Mutua,5120
2.54748E+11,Peter,Mutiso,3072
721214932,Brian,Omondi,3072
710549307,Alex,Korir,2048
718738255,Ann,Odhiambo,350
738485853,Ann,Korir,200
2.54703E+11,Irene,Korir,200
706267020,Cynthia,Mutiso,100
2.54742E+11,Grace,Mwangi,50
741585642,Grace,Achieng,100
2.54792E+11,Kevin,Mwangi,1024
2.5474E+11,Peter,Odhiambo,3072
700171888,Daniel,Omondi,100
757421808,Kevin,Kamau,1024
m728034948,Daniel,Otieno,3072
2.54713E+11,Linda,Mutiso,2048
715757079,John,Kiptoo,5120
2.54791E+11,Linda,Kariuki,5120
701847518,Irene,Mutua,2048
797642692,Brian,Wambui,1024
711548641,Peter,Mutiso,500
711102931,Kevin,Korir,50
7999730,Alex,Kariuki,50
2.54751E+11,David,Mutua,1024
740380613,Mary,Mutiso,2048
796780212,Daniel,Otieno,3072
0h91710784,Alex,Wambui,1024
742364735,Samuel,Ochieng,100
2.54717E+11,Samuel,Wambui,3072
713501655,Ann,Kariuki,1024
2.54708E+11,Ann,Mwangi,350
795627968,John,Mutua,2048
700232416,Kevin,Kariuki,350
2.54712E+11,Linda,Kariuki,1024
715234382,Grace,Achieng,200
710068122,Kevin,Omondi,50
747236371,John,Kiptoo,100
2.54703E+11,Rita,Achieng,2048
2547405m8738,Samuel,Mutiso,5120
2.5471E+11,Grace,Korir,3072
710478921,Cynthia,Korir,3072
797216172,Irene,Njoroge,5120
797784661,John,Ochieng,200
773145119,Daniel,Kariuki,500
723122058,Kevin,Achieng,3072
2.54716E+11,Samuel,Kiptoo,3072
2.54727E+11,Kevin,Omondi,1024
741551425,Brian,Kamau,500
2.54799E+11,John,Ochieng,5120
2.54771E+11,Kevin,Korir,100
7033,Cynthia,Wambui,1024
705251196,Daniel,Kiptoo,200
705510127,John,Njoroge,1024
706725406,Alex,Mutiso,3072
254y41175U44,Alex,Omondi,3072
754747442,John,Omondi,350
796492983,Alex,Odhiambo,100
0i71654761,David,Kariuki,100
2.54721E+11,Grace,Omondi,100
797431081,Ann,Mutua,3072
759073268,David,Odhiambo,100
700236988,Jane,Kamau,500
700397135,Alex,Korir,1024
721620467,David,Mutua,2048
747467503,Jane,Otieno,200
2.54712E+11,Peter,Wambui,500
743101081,Peter,Odhiambo,100
2.54792E+11,Daniel,Ochieng,350
77932,Jane,Wambui,3072
2.54705E+11,Daniel,Kamau,1024
730794665,David,Otieno,5120
729941605,Jane,Omondi,2048
746989103,Samuel,Korir,200
717113304,Jane,Otieno,200
079525m504,Ann,Omondi,3072
2.54797E+11,Mary,Omondi,500
2.54702E+11,Irene,Mwangi,500
710209270,Cynthia,Kiptoo,2048
729177680,Brian,Otieno,1024
795011412,John,Mutua,50
747742624,Ann,Omondi,100
2.54741E+11,Ann,Kariuki,5120
2.54724E+11,Alex,Ochieng,100
2.54711E+11,Kevin,Achieng,200
2.54753E+11,Irene,Kamau,3072
706917258,Rita,Kariuki,500
2.54719E+11,Alex,Ochieng,1024
753,Jane,Kiptoo,200
714130018,Mary,Mutiso,2048
713270816,Daniel,Njoroge,5120
2.54722E+11,John,Otieno,1024
2.54723E+11,Jane,Omondi,200
729875339,Rita,Korir,500
079239p055,Jane,Ochieng,350
710943237,Alex,Kariuki,2048
7381631,Cynthia,Mwangi,5120
728457289,Cynthia,Otieno,50
712866851,Brian,Kariuki,2048
254d99401621,Ann,Kariuki,1024
079323u6a9,Alex,Kiptoo,100
2.5472E+11,Daniel,Mutiso,1024
2.54701E+11,Mary,Otieno,350
727520655,Cynthia,Korir,350
779503440,Mary,Mutiso,5120
712823084,Brian,Ochieng,50
2.54756E+11,John,Ochieng,350
75,Ann,Omondi,200
2.54793E+11,Brian,Omondi,500
743409208,Mary,Wambui,350
2P47y8013219,John,Ochieng,1024
2.54715E+11,Brian,Otieno,5120
700176046,Rita,Kiptoo,1024
719615823,Irene,Njoroge,350
790868032,Jane,Njoroge,50
729562415,Alex,Mutua,50
726401153,Irene,Njoroge,350
707593089,Peter,Kamau,3072
254D49012237,Samuel,Achieng,50
2.54753E+11,Brian,Mutiso,50
704545997,John,Kiptoo,500
727312948,David,Mutua,100
797742042,Daniel,Ochieng,3072
708278432,Brian,Korir,500
2.54724E+11,Cynthia,Korir,100
790346050,Irene,Wambui,2048
743956602,Irene,Mutiso,100
799809282,Daniel,Mwangi,2048
711287237,Peter,Njoroge,200
2.54725E+11,Jane,Kariuki,200
2.54704E+11,Kevin,Kiptoo,500
710140171,John,Kamau,350
759334341,Mary,Ochieng,3072
07286146l3,Rita,Kiptoo,50
2.5473E+11,Brian,Achieng,1024
2.54746E+11,John,Kamau,3072
755947346,Daniel,Kariuki,2048
722611102,Samuel,Korir,100
2.54732E+11,David,Korir,350
727995732,Jane,Otieno,200
71,Linda,Njoroge,200
749791209,John,Omondi,1024
711011605,Daniel,Otieno,350
718634826,Mary,Ochieng,1024
2.54741E+11,Samuel,Ochieng,5120
07434v6807,Jane,Kariuki,1024
2.54794E+11,Samuel,Mutiso,5120
2.54792E+11,John,Otieno,1024
701789399,Cynthia,Achieng,50
722242319,Rita,Mutiso,2048
254,Kevin,Mwangi,100
719137651,Rita,Ochieng,5120
726870510,Grace,Ochieng,5120
71,Mary,Otieno,350
729098191,David,Mwangi,5120
2.54775E+11,Samuel,Kiptoo,50
720068248,Brian,Otieno,500
716078748,Daniel,Kiptoo,5120
2.54717E+11,John,Kariuki,200
744241734,Daniel,Kariuki,100
714529798,Ann,Odhiambo,3072
719615545,Irene,Korir,200
727792141,Grace,Ochieng,200
739102328,John,Ochieng,1024
2.54717E+11,Samuel,Wambui,200
707335490,Alex,Mutua,350
2.54703E+11,Peter,Kamau,1024
726610041,Daniel,Mutua,500
708453534,Cynthia,Ochieng,5120
2.54743E+11,Rita,Mutua,500
25474,Ann,Achieng,5120
2.54798E+11,Ann,Omondi,500
726863858,Ann,Kiptoo,5120
719481,Brian,Kamau,50
724653555,Alex,Achieng,1024
710564739,Grace,Njoroge,5120
771245816,Rita,Mutiso,50
753486751,Alex,Mutua,500
2.54747E+11,Brian,Ochieng,2048
2.54712E+11,Alex,Mutiso,2048
2.54794E+11,Kevin,Njoroge,3072
716440622,Samuel,Korir,350
p54710265698,Daniel,Omondi,5120
2.54745E+11,Cynthia,Korir,50
2.54719E+11,Rita,Omondi,50
799335758,David,Achieng,3072
737162175,Mary,Kariuki,50
726712485,Alex,Kiptoo,500
724680522,Ann,Kamau,50
771229188,Mary,Ochieng,200
706227959,Kevin,Mutiso,5120
2.54751E+11,Kevin,Odhiambo,3072
722220791,Daniel,Ochieng,3072
2.54727E+11,David,Njoroge,500
710926818,David,Kiptoo,100
799096004,Cynthia,Kamau,5120
733413514,Irene,Odhiambo,50
2.5472E+11,John,Mutua,5120
746847948,Brian,Ochieng,350
747160789,Irene,Mwangi,3072
799846187,Mary,Odhiambo,1024
744228543,Daniel,Kiptoo,100
705244741,John,Omondi,1024
714828979,Ann,Kiptoo,50
2.54718E+11,John,Otieno,3072
2.5479E+11,David,Korir,200
2.54746E+11,Mary,Ochieng,350
740902122,Ann,Korir,1024
794116810,Jane,Mwangi,1024
706874258,Cynthia,Ochieng,3072
2.54772E+11,Irene,Mwangi,500
791768436,Rita,Ochieng,3072
2.54729E+11,Grace,Wambui,200
714836051,Brian,Ochieng,200
2.54716E+11,Brian,Wambui,50
748670363,Samuel,Omondi,200
726968644,Linda,Mutiso,3072
714498147,Rita,Omondi,2048
734946679,Linda,Achieng,2048
2.54742E+11,Jane,Kariuki,500
749766410,Irene,Otieno,500
2.54748E+11,Mary,Odhiambo,1024
725405348,David,Omondi,5120
711448220,Brian,Otieno,50
732141592,Peter,Kamau,350
709553900,Irene,Achieng,500
722267996,Irene,Otieno,200
707275582,John,Kiptoo,50
722055768,Cynthia,Korir,1024
2K4724801275,Jane,Korir,2048
730970839,David,Odhiambo,3072
791731327,Mary,Ochieng,5120
746081426,Grace,Korir,100
2.54716E+11,Samuel,Odhiambo,500
754996518,Linda,Mutua,500
71,Linda,Wambui,500
2.5474E+11,Alex,Kiptoo,50
798291909,Mary,Kiptoo,1024
748275775,Peter,Mutua,200
733064334,Cynthia,Wambui,5120
74280,Grace,Odhiambo,200
2547421,Irene,Kariuki,3072
25471797,Alex,Kariuki,3072
2.54793E+11,Daniel,Achieng,1024
723481328,Kevin,Korir,50
724720315,Grace,Mutua,5120
2.54742E+11,Rita,Omondi,3072
713141289,David,Ochieng,3072
079322189N,Samuel,Ochieng,5120
704313913,Rita,Ochieng,200
727138963,Peter,Ochieng,1024
792525072,Alex,Kamau,3072
2.54799E+11,Samuel,Njoroge,100
708390923,John,Mutua,200
704253674,John,Omondi,350
736577615,Irene,Mutiso,2048
745514110,Daniel,Wambui,350
723570092,Irene,Kiptoo,50
775667049,Daniel,Achieng,2048
07712392q9,Cynthia,Kiptoo,3072
753799242,Brian,Korir,350
2.54745E+11,Cynthia,Achieng,200
748555256,Mary,Odhiambo,5120
714918983,Linda,Kiptoo,200
728869257,Jane,Omondi,500
702057653,Cynthia,Kariuki,1024
714610370,Alex,Mutua,2048
705072323,David,Ochieng,5120
728247230,Rita,Odhiambo,100
718508109,Mary,Kiptoo,5120
715079888,Alex,Omondi,500
746177283,Ann,Mutiso,350
798748678,Alex,Njoroge,2048
2.54707E+11,Rita,Omondi,2048
2.548E+11,Linda,Korir,500
719369836,Ann,Kamau,500
732426613,Linda,Wambui,500
0704U11954,David,Kariuki,2048
771116628,Mary,Mwangi,1024
2.54746E+11,Kevin,Mutiso,2048
798568934,Peter,Mutiso,3072
720618029,Daniel,Mwangi,500
2.54754E+11,Peter,Odhiambo,50
728693822,John,Njoroge,3072
2.54729E+11,Jane,Wambui,100
740834716,Kevin,Kamau,2048
744851828,Alex,Mutiso,3072
750399359,Ann,Kamau,350
790806621,Rita,Kiptoo,50
712455440,Kevin,Kamau,200
2.54793E+11,David,Wambui,200
707614327,Jane,Kariuki,2048
741090100,Linda,Kamau,50
718357282,Peter,Kamau,3072
797328021,Grace,Otieno,350
793615474,Brian,Mutua,200
734304933,Daniel,Mutua,500
2.54752E+11,Kevin,Wambui,200
728140517,Grace,Kariuki,2048
72,Peter,Achieng,1024
790676027,Brian,Ochieng,1024
753368258,Alex,Korir,50
743467708,Mary,Mutua,3072
717273638,Linda,Wambui,5120
797546482,Daniel,Kiptoo,1024
2.54731E+11,Daniel,Kiptoo,2048
2.54793E+11,Alex,Otieno,3072
2.54715E+11,David,Kamau,350
798441452,Jane,Kariuki,350
703689790,Cynthia,Njoroge,200
2.54703E+11,Alex,Korir,2048
705995310,Mary,Achieng,350
749554747,David,Kamau,100
790156558,Irene,Otieno,500
750041817,Brian,Wambui,350
707238875,David,Mutua,1024
752692412,Irene,Ochieng,100
2.54793E+11,Brian,Mutiso,3072
0k02569c42,David,Otieno,2048
721638910,Linda,Kamau,1024
753102861,Grace,Mutua,2048
732,Kevin,Mwangi,200
719673466,Daniel,Otieno,3072
2.54729E+11,Linda,Kariuki,200
715578707,Ann,Ochieng,100
741863175,Cynthia,Mutua,350
794254776,Linda,Odhiambo,100
798803204,Peter,Mwangi,350
25o728982914,Jane,Kiptoo,350
794273211,Grace,Mutua,3072
705597850,Peter,Mutiso,2048
726894875,Cynthia,Achieng,5120
744668924,Linda,Korir,200
726170160,Irene,Korir,500
740440719,Rita,Odhiambo,50
2.54709E+11,Rita,Korir,2048
2.54794E+11,Rita,Mwangi,3072
732923786,Linda,Ochieng,2048
2.54751E+11,Rita,Odhiambo,5120
794131001,Mary,Mutua,2048
702589880,Mary,Ochieng,5120
720603761,Rita,Omondi,2048
2.54756E+11,David,Otieno,350
2.54718E+11,Ann,Ochieng,2048
2.54743E+11,David,Omondi,500
751997073,Mary,Ochieng,50
715152371,Brian,Wambui,2048
712702821,Ann,Ochieng,350
708767050,Grace,Njoroge,500
703389386,Peter,Wambui,1024
722194613,Mary,Mutua,50
2.54727E+11,Daniel,Mwangi,500
704342428,Cynthia,Wambui,500
2.54791E+11,Irene,Ochieng,5120
722069918,David,Odhiambo,3072
2.54758E+11,Alex,Kiptoo,350
701005219,Grace,Wambui,100
728580568,Mary,Kamau,1024
714305096,David,Korir,350
718643980,Grace,Mwangi,200
708556765,Linda,Kariuki,1024
712020483,Ann,Odhiambo,2048
774994875,Samuel,Mutua,350
745674203,Irene,Kiptoo,100
705228455,Ann,Kiptoo,350
790059082,Mary,Otieno,350
755768611,Jane,Mutiso,3072
2.54792E+11,Brian,Ochieng,5120
2.54742E+11,David,Mwangi,500
744901591,Mary,Kamau,100
796043397,Jane,Mutua,5120
2.54775E+11,David,Achieng,1024
722315863,Irene,Wambui,500
707913587,Mary,Kiptoo,3072
799098189,John,Odhiambo,50
2.54718E+11,Ann,Mutua,2048
752035449,Ann,Korir,3072
749627588,Daniel,Odhiambo,2048
743563908,Daniel,Mutiso,100
743831238,Peter,Omondi,50
797768041,Peter,Mwangi,350
2.54747E+11,Samuel,Otieno,350
752568719,Ann,Achieng,2048
2.54713E+11,Mary,Wambui,200
2.54743E+11,Linda,Otieno,200
2.54703E+11,David,Mwangi,350
712620571,Irene,Omondi,3072
704265816,John,Mutiso,500
2.54707E+11,Ann,Mwangi,5120
794795029,Linda,Kiptoo,100
790687986,Kevin,Odhiambo,200
749872632,Jane,Otieno,50
715043703,Ann,Kamau,100
757628536,Samuel,Mutiso,5120
2.54794E+11,David,Mutua,350
2.54736E+11,John,Kiptoo,100
755212206,Linda,Kamau,1024
2.54798E+11,Ann,Ochieng,200
2.54745E+11,Samuel,Wambui,100
W716981638,Daniel,Ochieng,350
2.54729E+11,David,Kamau,50
712480491,Peter,Odhiambo,500
719016153,Kevin,Achieng,5120
2547Y4589374,Jane,Otieno,1024
07180W5668,John,Wambui,100
2.54746E+11,Cynthia,Mutua,350
729878056,Samuel,Korir,5120
74,Peter,Korir,50
794985834,John,Mwangi,5120
744640456,Mary,Mutua,350
741969020,Peter,Ochieng,5120
718186147,Linda,Achieng,5120
t54772287313,Brian,Njoroge,50
2.54709E+11,Cynthia,Mwangi,1024
742394354,Irene,Kiptoo,50
708753206,Cynthia,Wambui,3072
706372018,Samuel,Mutiso,350
2.54723E+11,Grace,Otieno,1024
2.54715E+11,Cynthia,Korir,100
715733816,Alex,Achieng,500
2.54797E+11,Samuel,Odhiambo,200
2.54731E+11,David,Mwangi,1024
2.54722E+11,Daniel,Kamau,200
703367029,Peter,Kamau,50
722132773,John,Achieng,500
714644446,David,Ochieng,50
79,Daniel,Kariuki,350
728346753,Cynthia,Korir,350
745797404,Cynthia,Kiptoo,5120
715766495,Grace,Mwangi,5120
747773391,Peter,Korir,50
752559198,Brian,Mutua,5120
708996085,Ann,Kamau,350
718503980,Peter,Kiptoo,350
712006406,Brian,Kamau,50
718304002,Mary,Omondi,500
2.54701E+11,Jane,Mwangi,500
740452776,John,Kamau,50
07134R8024,Brian,Achieng,1024
714540946,Peter,Korir,5120
2.54704E+11,Ann,Omondi,350
747647533,David,Mutiso,200
2.54708E+11,David,Otieno,2048
2.54705E+11,Mary,Kiptoo,200
754909502,Samuel,Omondi,500
2.5475E+11,Peter,Njoroge,200
716192900,Daniel,Mutiso,200
741562451,Alex,Omondi,5120
722797321,Mary,Odhiambo,1024
751957589,Kevin,Korir,500
701261618,Samuel,Wambui,500
25C720547945,David,Ochieng,2048
2.54711E+11,Linda,Korir,5120
2.54724E+11,Daniel,Kariuki,100
795706122,David,Omondi,350
2.5474E+11,Rita,Kamau,350
2.54725E+11,Daniel,Mutiso,200
2.54756E+11,Grace,Otieno,5120
710474135,Ann,Odhiambo,350
719528215,Peter,Kamau,500
714605116,Ann,Otieno,5120
2.54752E+11,David,Kariuki,2048
797125471,John,Kiptoo,100
0746A5141N,Alex,Njoroge,50
755556674,Peter,Kamau,350
727831566,Mary,Omondi,50
728692468,Daniel,Wambui,350
254,Mary,Kiptoo,350
729829898,Jane,Mwangi,2048
2.54702E+11,Kevin,Mutua,2048
797349809,Grace,Otieno,100
725399991,Kevin,Kiptoo,500
737824809,Irene,Omondi,3072
729744430,John,Korir,1024
727376792,John,Wambui,3072
778445646,Peter,Omondi,5120
2.54742E+11,Cynthia,Odhiambo,2048
772989593,Daniel,Njoroge,500
748806530,David,Ochieng,2048
746204173,Cynthia,Korir,200
749535018,Irene,Mwangi,5120
751932670,Linda,Korir,50
743640581,Mary,Kariuki,500
2.54705E+11,Ann,Odhiambo,2048
772876501,Samuel,Kiptoo,200
732650876,Ann,Omondi,350
738007380,Jane,Otieno,3072
746700846,Brian,Omondi,500
774501639,Daniel,Kamau,5120
739303356,Grace,Mutua,5120
792804876,John,Korir,1024
2.54793E+11,Cynthia,Wambui,350
2.54747E+11,Rita,Ochieng,200
700419249,Daniel,Otieno,5120
724682590,Ann,Korir,500
728260422,David,Mutiso,350
791908169,Peter,Kariuki,200
0725v55266,Daniel,Mwangi,200
741011154,Samuel,Njoroge,500
717400329,Peter,Achieng,350
739662339,Brian,Achieng,50
2.54726E+11,Cynthia,Wambui,5120
700054876,Rita,Wambui,2048
756208436,David,Kiptoo,2048
2.54717E+11,Cynthia,Mutiso,50
2.54723E+11,Peter,Kiptoo,50
25470107,Jane,Achieng,1024
730065416,Samuel,Korir,2048
729678439,Linda,Achieng,1024
726937188,Kevin,Wambui,200
795878726,Grace,Achieng,5120
712343631,Kevin,Wambui,350
2.54755E+11,Linda,Omondi,500
722798010,Brian,Omondi,200
2.54708E+11,Linda,Korir,5120
791223741,Brian,Otieno,3072
754480003,Ann,Korir,500
07958287c5,Samuel,Omondi,100
2.54702E+11,Kevin,Njoroge,2048
2.54749E+11,John,Ochieng,1024
2.54756E+11,Brian,Ochieng,200
709278380,Samuel,Kariuki,1024
2.54791E+11,Alex,Kariuki,5120
744813954,Alex,Kiptoo,3072
2.54746E+11,Kevin,Korir,500
2.54792E+11,Ann,Korir,350
721297842,Ann,Mutiso,50
779041368,David,Njoroge,1024
717466025,Linda,Odhiambo,200
2.54715E+11,Brian,Kariuki,1024
706145943,Rita,Odhiambo,50
2.54776E+11,Kevin,Mutua,100
2.54707E+11,Rita,Kariuki,5120
2.54709E+11,Rita,Korir,1024
756044860,Mary,Kamau,200
2.54752E+11,Samuel,Kamau,2048
724468514,Daniel,Wambui,50
2.54718E+11,Jane,Otieno,2048
2.54736E+11,Alex,Omondi,2048
746202,Alex,Achieng,50
706007219,Jane,Korir,5120
713780916,Jane,Mutua,3072
743343932,Alex,Achieng,500
741582061,Peter,Mutua,500
708201372,Samuel,Mutua,200
712322505,John,Njoroge,350
0720166q42,Cynthia,Omondi,1024
2.54714E+11,Alex,Achieng,350
728105495,Alex,Achieng,200
2.5474E+11,Brian,Kiptoo,1024
2.54722E+11,John,Odhiambo,50
25471800h679,Irene,Kamau,1024
2.54795E+11,Jane,Mutiso,350
734235088,Linda,Mwangi,200
757268219,David,Achieng,200
2.54726E+11,Alex,Wambui,350
721464309,Irene,Otieno,3072
2.54724E+11,Brian,Odhiambo,500
797100210,John,Kariuki,350
2.54722E+11,Alex,Wambui,350
793490264,Daniel,Mutiso,2048
729213123,Alex,Kamau,100
2.54741E+11,Irene,Kariuki,500
2.54726E+11,Grace,Kiptoo,100
2.54737E+11,Peter,Mwangi,500
743392987,Mary,Kiptoo,100
2.54792E+11,Brian,Odhiambo,350
712,Grace,Kariuki,200
2.54758E+11,Peter,Wambui,50
737907443,Grace,Njoroge,350
715811567,Linda,Wambui,2048
715891442,John,Odhiambo,350
2.54715E+11,Cynthia,Kiptoo,100
2.54752E+11,Cynthia,Njoroge,1024
792053758,Kevin,Ochieng,1024
709836413,Jane,Otieno,5120
2.54744E+11,Linda,Achieng,500
754369408,Cynthia,Kariuki,500
2.54701E+11,Kevin,Njoroge,2048
746618920,Grace,Odhiambo,200
798411726,Brian,Kariuki,50
2.54745E+11,John,Otieno,350
0797rJ9696,Samuel,Mutua,350
754515825,Cynthia,Otieno,350
701465730,Linda,Omondi,350
2.54791E+11,Ann,Ochieng,3072
741621802,Daniel,Achieng,2048
714756236,Daniel,Omondi,100
07056863o7,Linda,Otieno,3072
700359797,Peter,Omondi,500
730822831,Alex,Njoroge,200
2.5471E+11,Peter,Mutua,5120
2.54706E+11,Cynthia,Mutiso,50
728549392,Daniel,Njoroge,1024
718708022,Irene,Kariuki,100
791129084,Peter,Njoroge,1024
713188700,Mary,Mwangi,500
716348201,Mary,Kiptoo,50
2.5474E+11,Rita,Mutua,500
742216172,Grace,Odhiambo,3072
725774333,Peter,Ochieng,1024
724383239,Cynthia,Korir,1024
796445082,John,Njoroge,50
716767827,Linda,Kiptoo,200
752,Mary,Kiptoo,5120
734447338,John,Kamau,100
747,Grace,Ochieng,100
732104985,Cynthia,Achieng,50
2.54723E+11,Mary,Korir,350
2.54747E+11,Brian,Otieno,3072
2.54795E+11,Kevin,Kiptoo,350
733700857,Irene,Mutua,5120
759700604,Irene,Wambui,200
721184423,Mary,Achieng,350
2.54707E+11,Grace,Kamau,3072
711167041,John,Mutiso,3072
753232019,Cynthia,Achieng,100
2.54749E+11,Linda,Wambui,3072
706566482,Ann,Njoroge,1024
254,Grace,Wambui,350
717255111,Irene,Korir,50
2.5472E+11,John,Korir,500
708102854,Brian,Mutua,3072
720101658,Peter,Otieno,5120
709248251,Peter,Ochieng,2048
2.54725E+11,Irene,Mutiso,500
718424049,Irene,Njoroge,100
706204533,Alex,Omondi,350
718547922,Alex,Mutua,3072
728064369,Cynthia,Mutua,200
705821615,David,Ochieng,100
0Eo0134927,Kevin,Korir,350
790785183,Ann,Achieng,2048
796083770,Kevin,Omondi,100
700338233,Irene,Otieno,1024
723861697,Cynthia,Kariuki,5120
742543497,Samuel,Otieno,5120
729589536,Mary,Wambui,5120
2.54797E+11,Kevin,Mwangi,100
797432867,Alex,Korir,500
739915072,Daniel,Omondi,500
738760819,John,Kiptoo,100
2.5471E+11,Linda,Achieng,1024
2.54711E+11,Irene,Achieng,3072
791340546,Mary,Njoroge,5120
2.5472E+11,Daniel,Mutiso,500
778138823,Daniel,Otieno,100
757191317,Rita,Kamau,2048
794769591,Jane,Ochieng,3072
725399795,Kevin,Omondi,350
704154214,Brian,Mutiso,350
747027406,Brian,Kiptoo,500
2.54714E+11,Rita,Kiptoo,100
790013351,David,Wambui,3072
796024434,Brian,Njoroge,3072
797492746,John,Ochieng,3072
799727140,Peter,Achieng,50
2.54747E+11,Ann,Mwangi,100
749012731,David,Wambui,350
754608928,Alex,Njoroge,500
2.54704E+11,Cynthia,Kiptoo,5120
797764846,Linda,Achieng,350
704197870,Daniel,Odhiambo,1024
774376053,Samuel,Wambui,500
736095520,John,Wambui,5120
745973144,Irene,Ochieng,100
2.54705E+11,Mary,Njoroge,500
703322327,Cynthia,Omondi,1024
749934526,Grace,Mutiso,5120
2.54727E+11,Jane,Mutiso,50
2.54779E+11,David,Odhiambo,50
724359910,Daniel,Omondi,200
709343896,Peter,Njoroge,50
728030734,Alex,Mutua,2048
792589100,Peter,Korir,500
2.54709E+11,Jane,Kamau,5120
730329196,Cynthia,Kariuki,350
790784359,Cynthia,Omondi,5120
721225550,Ann,Mwangi,500
798755,Brian,Mutua,1024
742562049,Rita,Korir,350
2.54799E+11,John,Kamau,500
2.548E+11,Rita,Kiptoo,3072
2.54751E+11,Samuel,Njoroge,350
714050017,David,Wambui,3072
2.54746E+11,Ann,Wambui,50
798581112,Samuel,Otieno,1024
750774150,Brian,Odhiambo,3072
740555234,Daniel,Kamau,2048
733136923,Jane,Kariuki,100
718806072,Brian,Kiptoo,200
254700,John,Kamau,200
743770572,Grace,Njoroge,200
778187000,Ann,Wambui,3072
746933689,Kevin,Achieng,5120
719384937,Irene,Otieno,350
2.54774E+11,Samuel,Wambui,1024
793530882,Grace,Odhiambo,50
2.54749E+11,Linda,Wambui,50
2.54714E+11,Brian,Wambui,50
793881633,Rita,Omondi,100
707241693,Rita,Ochieng,1024
799608181,Kevin,Mwangi,1024
2.54748E+11,Samuel,Odhiambo,1024
0732k16927,David,Njoroge,3072
2.54736E+11,Brian,Otieno,3072
725520516,David,Kariuki,100
774120988,Cynthia,Kariuki,2048
793777164,Irene,Odhiambo,3072
731845858,David,Mutua,200
775871279,Samuel,Mutua,200
7006,David,Mwangi,2048
705789326,Grace,Kariuki,2048
794830807,Peter,Mutiso,350
718240681,Peter,Wambui,50
2.54749E+11,Peter,Mwangi,3072
2.54737E+11,Ann,Kiptoo,1024
721949107,Mary,Mutiso,50
725716108,Irene,Korir,3072
798232116,Brian,Korir,100
2.54798E+11,Brian,Kamau,100
2.54701E+11,Linda,Korir,200
713778925,Irene,Achieng,1024
703470281,Daniel,Kamau,1024
705389705,Kevin,Njoroge,5120
709434823,Alex,Korir,2048
h7r8582699,Peter,Mutiso,5120
724858324,Peter,Otieno,5120
712567746,John,Odhiambo,350
702538504,David,Omondi,350
722054525,Mary,Otieno,50
790142883,Linda,Njoroge,3072
748583284,Mary,Wambui,500
796094487,Kevin,Achieng,3072
2.54751E+11,Linda,Mwangi,3072
2.54791E+11,John,Omondi,200
741355086,Mary,Mutua,5120
73635,Alex,Odhiambo,200
072z764872,Alex,Ochieng,1024
724913120,David,Wambui,2048
701807535,Daniel,Odhiambo,2048
741892240,Daniel,Kamau,3072
755770668,Kevin,Otieno,350
712279530,Jane,Ochieng,500
745201748,Ann,Mwangi,1024
774282857,David,Wambui,1024
2.54728E+11,Ann,Ochieng,5120
2.54727E+11,Mary,Otieno,50
799514926,Alex,Njoroge,5120
709988514,Samuel,Omondi,3072
704681763,Samuel,Njoroge,350
701961129,Ann,Kariuki,2048
731009703,Rita,Otieno,3072
701654646,Irene,Mwangi,200
701725803,John,Mwangi,100
2.54799E+11,Grace,Njoroge,100
706267008,David,Mwangi,100
790705517,John,Kariuki,350
701013591,Kevin,Njoroge,100
790656869,Alex,Otieno,2048
2.54774E+11,Jane,Otieno,2048
717662852,Jane,Otieno,500
2.54743E+11,Mary,Ochieng,3072
732847301,Rita,Mutua,200
751364817,Alex,Wambui,2048
2.54715E+11,Brian,Odhiambo,50
2.54749E+11,Mary,Korir,1024
790797796,Jane,Omondi,1024
724614975,Brian,Kariuki,500
733144732,Cynthia,Odhiambo,50
721872498,Mary,Ochieng,50
2.54707E+11,Cynthia,Mutua,50
745970950,Peter,Odhiambo,100
707606022,Mary,Kariuki,350
746901239,Mary,Achieng,5120
746629420,Cynthia,Ochieng,100
758404152,Cynthia,Njoroge,50
2.54701E+11,Cynthia,Kamau,100
706110801,Jane,Njoroge,2048
791265089,Jane,Mwangi,3072
2.54742E+11,Peter,Kariuki,100
2.5471E+11,Ann,Kariuki,50
717707080,Brian,Otieno,3072
2.54746E+11,Linda,Kariuki,1024
710857454,Jane,Kamau,3072
713492991,Alex,Achieng,1024
2.54705E+11,Linda,Kamau,1024
795842126,Mary,Njoroge,3072
714054188,Rita,Wambui,2048
744695673,Kevin,Achieng,200
70334,Alex,Mwangi,100
723289311,Grace,Ochieng,50
713568485,Cynthia,Odhiambo,200
759973055,Rita,Mutiso,200
748418613,Peter,Korir,350
2.54733E+11,Jane,Kariuki,5120
701244696,Alex,Mutua,3072
745440997,Brian,Njoroge,5120
728142039,Rita,Mutiso,350
707590954,Samuel,Mutiso,3072
759451121,Mary,Kariuki,3072
795148611,Cynthia,Kamau,200
739514230,Brian,Mutiso,350
2.54725E+11,Daniel,Odhiambo,2048
2.5471E+11,Ann,Odhiambo,350
07R7533I47,Linda,Omondi,500
711087178,John,Kiptoo,500
2.54774E+11,Alex,Kamau,200
794983924,Jane,Achieng,350
2.54708E+11,Ann,Achieng,500
745161051,Brian,Ochieng,2048
749209924,John,Achieng,50
7721,Brian,Njoroge,200
734661984,Grace,Mwangi,2048
2.54739E+11,Brian,Odhiambo,100
707592309,Alex,Korir,350
715263819,Daniel,Odhiambo,5120
743490902,David,Kiptoo,1024
773797020,Peter,Achieng,50
727649798,Alex,Kariuki,2048
711728236,Irene,Odhiambo,100
700337597,John,Kiptoo,350
756644167,Irene,Mutua,100
740882962,Rita,Njoroge,5120
714706011,David,Achieng,5120
705570168,Grace,Wambui,100
706448213,Samuel,Odhiambo,3072
2.54741E+11,Peter,Achieng,500
2.54799E+11,Linda,Njoroge,3072
771283872,Jane,Ochieng,100
744072205,Alex,Njoroge,1024
727596843,Daniel,Njoroge,200
797857143,Irene,Njoroge,200
718578686,Daniel,Ochieng,1024
724241601,Samuel,Achieng,1024
759730476,Ann,Wambui,3072
2.5471E+11,Mary,Korir,50
2.54702E+11,Rita,Mutua,2048
735111147,Rita,Mutua,500
741985649,Jane,Mutiso,350
793955370,Cynthia,Mutua,3072
716043817,Samuel,Otieno,50
728116932,Ann,Mwangi,50
2.54729E+11,Alex,Odhiambo,350
2.5479E+11,Kevin,Kiptoo,3072
737798985,Ann,Wambui,1024
799505757,Samuel,Otieno,1024
756678714,Mary,Odhiambo,1024
742757166,Irene,Korir,200
750236081,Cynthia,Kiptoo,3072
794231976,John,Mutiso,100
2.54748E+11,Linda,Achieng,200
2.54742E+11,Daniel,Achieng,1024
2.54703E+11,Ann,Odhiambo,3072
755415881,Daniel,Korir,200
713890363,Cynthia,Odhiambo,500
707236137,Irene,Omondi,350
799503599,Cynthia,Achieng,3072
707949770,Samuel,Kiptoo,3072
2.54735E+11,Kevin,Mwangi,1024
722009833,Alex,Wambui,500
2.54748E+11,Cynthia,Njoroge,200
2.54796E+11,Grace,Achieng,5120
757230930,Kevin,Korir,50
2.54717E+11,Mary,Kiptoo,350
740023094,David,Omondi,5120
704796730,Peter,Otieno,350
727691478,Kevin,Kariuki,350
732441196,Kevin,Otieno,2048
2.54738E+11,Brian,Wambui,5120
707277446,Peter,Korir,1024
727106661,David,Mwangi,3072
703476611,Samuel,Otieno,500
790019438,Cynthia,Kamau,5120
733408069,Daniel,Odhiambo,200
715493138,Kevin,Mwangi,200
2.54745E+11,David,Kiptoo,100
2.5476E+11,Alex,Achieng,100
711463760,Daniel,Achieng,100
2.54749E+11,Ann,Achieng,50
706802692,Peter,Kamau,2048
2.54717E+11,Brian,Kariuki,3072
2.548E+11,Cynthia,Mutiso,50
2.54717E+11,Cynthia,Mutua,200
2.54737E+11,Mary,Wambui,350
713106336,Cynthia,Njoroge,200
2.54748E+11,Brian,Ochieng,100
79898,Samuel,Korir,200
2.54741E+11,Cynthia,Mwangi,200
733831871,Daniel,Omondi,350
7436392,Grace,Kamau,100
724251233,Irene,Mwangi,50
706936580,Mary,Mutua,200
2.54713E+11,Alex,Achieng,500
716843134,Mary,Mwangi,100
700737512,Peter,Omondi,1024
747481136,David,Ochieng,3072
2.54714E+11,Mary,Kariuki,500
736756360,Daniel,Korir,3072
2.5475E+11,Grace,Korir,350
796408963,Samuel,Otieno,100
254,Irene,Kamau,500
2.54746E+11,David,Odhiambo,50
713483336,Daniel,Njoroge,100
g707714154,John,Ochieng,1024
7304091,David,Wambui,500
776083254,Kevin,Omondi,5120
2.54753E+11,Daniel,Otieno,350
790296841,Mary,Wambui,3072
720126519,Linda,Achieng,2048
2.54718E+11,Cynthia,Korir,100
2.548E+11,Ann,Njoroge,200
743629826,Alex,Njoroge,350
790632724,Rita,Achieng,200
792525461,Alex,Mutua,100
717917124,John,Mutiso,50
770237855,Irene,Omondi,1024
2.54747E+11,Rita,Korir,3072
753059940,Jane,Wambui,1024
733612356,Rita,Odhiambo,5120
2.54707E+11,John,Mutua,350
738245266,John,Otieno,100
706631645,Daniel,Achieng,100
2.54726E+11,Brian,Mutiso,50
717459484,Irene,Korir,100
2.54753E+11,David,Kariuki,100
721860782,Grace,Mutiso,100
2.54725E+11,Grace,Achieng,3072
703280958,Daniel,Otieno,100
707445241,Daniel,Otieno,2048
799,Daniel,Kiptoo,100
2.54709E+11,Rita,Korir,200
711680370,Daniel,Korir,500
2.54779E+11,Mary,Wambui,500
2.54703E+11,Irene,Mutiso,200
2.54748E+11,Ann,Omondi,500
733143,Jane,Njoroge,100
725829141,Alex,Mwangi,5120
721308609,John,Korir,200
25472598I136,Samuel,Wambui,2048
746841836,Ann,Kariuki,200
2.54711E+11,Brian,Njoroge,1024
700851963,Jane,Otieno,50
732171629,Ann,Njoroge,500
725872900,Brian,Mwangi,50
725120636,Rita,Mutiso,1024
703785667,Mary,Odhiambo,500
2.54711E+11,Kevin,Mwangi,500
2.54741E+11,Peter,Ochieng,2048
759710693,Brian,Wambui,100
2.54798E+11,Jane,Kiptoo,100
2.54725E+11,David,Mwangi,1024
2.5474E+11,Cynthia,Kamau,200
722282463,Jane,Omondi,350
732564992,Rita,Mutua,200
739602899,Grace,Mutua,5120
714451416,Alex,Achieng,2048
2.54724E+11,Daniel,Odhiambo,350
2547,David,Odhiambo,100
710712845,Alex,Korir,100
2.54798E+11,Alex,Kiptoo,1024
719579603,Cynthia,Achieng,100
2.54798E+11,Rita,Omondi,1024
2.54744E+11,John,Kamau,500
2.54744E+11,David,Mwangi,3072
721394334,Grace,Mutua,2048
0702M73267,Ann,Kariuki,350
706497167,Daniel,Otieno,3072
727629595,Grace,Otieno,5120
2.54705E+11,Irene,Otieno,2048
07046h1936,Daniel,Omondi,1024
2.54729E+11,Cynthia,Otieno,5120
2.54709E+11,Ann,Mutiso,500
702798363,Brian,Kiptoo,100
755667481,Cynthia,Kamau,350
2.548E+11,Linda,Achieng,500
797623465,John,Ochieng,500
775131513,Kevin,Korir,50
750996858,Linda,Kamau,3072
742727806,Irene,Mutua,500
742909180,David,Mutua,3072
746692357,Grace,Kiptoo,1024
2.54714E+11,Peter,Mwangi,500
740179109,Grace,Kariuki,200
2.54718E+11,David,Korir,50
711925120,Irene,Mwangi,200
759835267,Daniel,Kamau,5120
791019632,Peter,Kamau,500
2.54707E+11,David,Achieng,200
709174105,Kevin,Mutiso,200
2.54759E+11,Samuel,Njoroge,500
710492574,Peter,Odhiambo,200
714904738,Irene,Mutiso,350
2.54795E+11,Grace,Mwangi,2048
2.54702E+11,Kevin,Achieng,3072
703246712,John,Odhiambo,2048
712283350,Ann,Kiptoo,100
2.54708E+11,Alex,Korir,500
W54719552945,Brian,Omondi,2048
703633709,Brian,Mutua,5120
744274097,Jane,Ochieng,50
731442611,David,Kariuki,3072
797650344,Rita,Korir,350
799077235,Ann,Mutiso,50
2.54714E+11,Brian,Otieno,1024
742515213,Alex,Wambui,200
747616974,Irene,Mwangi,100
708897144,Alex,Mwangi,5120
706127770,Jane,Njoroge,5120
2.54715E+11,Linda,Wambui,100
749135982,Mary,Wambui,3072
2.54701E+11,Daniel,Mutua,5120
2.54726E+11,Peter,Kamau,100
2.54717E+11,Alex,Achieng,3072
701421420,Jane,Korir,3072
740544829,Grace,Kiptoo,5120
731250673,Rita,Ochieng,2048
2.54703E+11,Daniel,Achieng,1024
713610223,Alex,Mwangi,350
717674793,Brian,Kamau,100
2.54729E+11,Cynthia,Mutiso,5120
2.54734E+11,Grace,Kariuki,50
716400892,Daniel,Achieng,50
713275762,Cynthia,Kamau,500
700841039,Daniel,Njoroge,2048
2.54704E+11,Ann,Kiptoo,350
746,Grace,Korir,350
793587900,Cynthia,Ochieng,2048
731103443,John,Omondi,5120
2.54702E+11,David,Kariuki,500
2547,Mary,Kamau,50
779408139,Alex,Odhiambo,3072
715389295,Jane,Mutua,2048
2.54793E+11,Alex,Achieng,5120
718360321,Ann,Omondi,5120
707050828,Rita,Ochieng,3072
M734184336,Brian,Njoroge,500
073n214265,John,Odhiambo,3072
754332912,Mary,Wambui,5120
254f10572969,Brian,Odhiambo,1024
2.54717E+11,Daniel,Njoroge,2048
2.54709E+11,Mary,Kamau,350
725036915,Rita,Otieno,5120
737731265,Peter,Wambui,100
700280737,Mary,Njoroge,100
2S4792690881,Alex,Mwangi,2048
2.54725E+11,Irene,Ochieng,2048
2.54731E+11,Brian,Omondi,1024
712417328,Daniel,Ochieng,100
2.54798E+11,John,Mutiso,1024
712794770,David,Wambui,5120
2.54797E+11,Mary,Ochieng,200
2.54716E+11,Jane,Achieng,3072
798550149,Peter,Otieno,350
726503079,Peter,Odhiambo,100
2.548E+11,Samuel,Mutiso,50
25474084,Kevin,Kamau,500
2.54747E+11,Ann,Otieno,3072
2.54707E+11,Peter,Omondi,200
703618272,Linda,Kamau,5120
705965804,Grace,Achieng,5120
736061759,Kevin,Ochieng,5120
712153411,Grace,Omondi,2048
2.54741E+11,Samuel,Achieng,5120
743279774,Ann,Korir,5120
706786089,Irene,Mutiso,350
713131685,Daniel,Njoroge,200
716146036,Rita,Ochieng,200
793858254,Alex,Odhiambo,100
2.54774E+11,Grace,Korir,1024
741509745,David,Otieno,1024
739159617,Grace,Ochieng,3072
2.54751E+11,Kevin,Wambui,50
747939694,Alex,Korir,3072
755511430,Irene,Achieng,1024
25P71s062452,Kevin,Otieno,1024
726948161,Mary,Korir,1024
792390753,John,Kiptoo,350
794393539,Alex,Odhiambo,500
700543058,Kevin,Korir,1024
716243343,Jane,Otieno,2048
718762599,Mary,Otieno,5120
706011743,Cynthia,Kiptoo,500
724285149,Linda,Achieng,500
2.54716E+11,Kevin,Wambui,350
799401916,Alex,Mwangi,200
749775867,Mary,Otieno,2048
792317634,Jane,Mutiso,50
708494934,Linda,Korir,5120
700623721,Kevin,Achieng,500
716441192,Daniel,Odhiambo,2048
795935272,Peter,Achieng,350
2.54736E+11,John,Otieno,100
2.54727E+11,Jane,Ochieng,2048
747283659,Jane,Omondi,100
796349404,Linda,Njoroge,350
700616709,Rita,Kiptoo,3072
775483942,Irene,Mutua,200
778058120,John,Korir,350
770556779,David,Omondi,350
734585320,Alex,Njoroge,3072
2.54716E+11,Mary,Odhiambo,1024
710466383,Ann,Kamau,350
706033024,Cynthia,Korir,1024
714632863,David,Kamau,1024
748186725,Linda,Kamau,50
728558537,Kevin,Njoroge,5120
741764038,Daniel,Kiptoo,5120
2.54711E+11,David,Omondi,2048
708783154,Mary,Kiptoo,350
733995323,Peter,Mwangi,5120
736026589,Kevin,Kamau,100
714156941,Grace,Mutiso,50
2.547E+11,Kevin,Korir,50
713809266,Kevin,Ochieng,1024
727414470,Linda,Kariuki,2048
790422284,Jane,Mutua,500
726177954,Jane,Kiptoo,100
07q1719800,David,Achieng,1024
2.54797E+11,Daniel,Ochieng,2048
746628462,Kevin,Wambui,3072
2.54709E+11,Irene,Ochieng,5120
2.54723E+11,Mary,Mwangi,3072
715531193,John,Omondi,3072
728950483,Jane,Mwangi,5120
795554158,Peter,Kiptoo,200
797639660,Brian,Njoroge,500
2.54793E+11,David,Achieng,350
753863098,John,Achieng,200
254718q04967,Jane,Achieng,100
736137458,Linda,Omondi,200
790470168,Mary,Achieng,3072
792791088,Ann,Mutua,5120
723952700,Grace,Njoroge,200
75,Grace,Njoroge,200
726957819,Brian,Wambui,2048
700902467,John,Mutiso,350
742442655,John,Wambui,1024
2.54735E+11,Cynthia,Njoroge,50
737502652,Samuel,Wambui,2048
717846662,Rita,Mutua,2048
708193404,Ann,Odhiambo,50
727978214,Kevin,Kamau,2048
07A8330374,Jane,Kiptoo,2048
2.54707E+11,Samuel,Mutua,200
790045529,Cynthia,Achieng,350
745988259,Alex,Omondi,100
701997928,Peter,Mwangi,100
795434947,Cynthia,Kiptoo,3072
794396109,David,Mwangi,5120
747470573,Brian,Njoroge,100
2.54738E+11,Ann,Korir,1024
736303498,Kevin,Njoroge,1024
733549086,Ann,Wambui,2048
2.54753E+11,Linda,Mutiso,2048
799243061,David,Korir,3072
795103702,Daniel,Mutua,5120
716162748,Kevin,Odhiambo,1024
723875274,Peter,Achieng,2048
2.54711E+11,Brian,Mutua,100
2.54772E+11,David,Omondi,50
733473671,Alex,Mutua,1024
2.54726E+11,Mary,Kiptoo,100
2.54722E+11,Mary,Odhiambo,5120
713059824,Brian,Mutiso,2048
751404454,Kevin,Kamau,3072
2.54742E+11,Cynthia,Njoroge,350
724448299,Ann,Omondi,100
710631354,Linda,Mutua,350
709542278,Rita,Kiptoo,100
2.548E+11,Samuel,Odhiambo,200
779630461,David,Otieno,2048
703322932,Brian,Otieno,3072
2.54795E+11,Rita,Njoroge,5120
751996624,Kevin,Achieng,100
711183312,Linda,Omondi,2048
726110322,Daniel,Njoroge,350
2.54705E+11,Kevin,Korir,500
715666338,Grace,Achieng,50
254714B74952,Samuel,Mwangi,200
2.54799E+11,Brian,Otieno,200
2.54737E+11,Alex,Achieng,5120
2.54726E+11,David,Achieng,100
728436671,David,Otieno,500
708620940,Ann,Korir,200
2547,Peter,Mutua,50
799335724,Kevin,Mutua,50
750719023,Rita,Kamau,2048
751643224,Alex,Omondi,100
707345840,Linda,Mutua,5120
743942041,Jane,Korir,1024
794615990,Jane,Mutua,200
2.54775E+11,Samuel,Otieno,100
723466285,Mary,Wambui,2048
2.54746E+11,Kevin,Korir,3072
712917745,Grace,Otieno,500
2.5479E+11,Rita,Kiptoo,350
704196603,Mary,Achieng,50
2.5476E+11,Daniel,Otieno,5120
794936879,Kevin,Odhiambo,5120
718271970,Cynthia,Kariuki,2048
792697782,Alex,Kamau,500
25470944,Samuel,Omondi,1024
07583j7278,Daniel,Omondi,50
735548026,Peter,Kamau,500
799586670,Linda,Kiptoo,200
2.54797E+11,Daniel,Korir,50
2.54704E+11,Peter,Ochieng,100
709402555,Daniel,Mwangi,1024
710430934,Rita,Njoroge,500
798188332,Alex,Kariuki,1024
Y700251J81,Ann,Mwangi,500
2.54731E+11,Ann,Otieno,350
718811197,Samuel,Mutiso,200
2.54715E+11,David,Achieng,200
713740289,Jane,Ochieng,500
724130332,Peter,Njoroge,5120
739515203,Kevin,Otieno,50
0R79319517,Alex,Achieng,5120
722990109,Peter,Njoroge,2048
712265570,Irene,Mwangi,500
724122317,Jane,Wambui,2048
2.54757E+11,Rita,Njoroge,50
758043917,Brian,Kiptoo,350
752617780,Irene,Korir,350
2.54746E+11,Rita,Njoroge,3072
705933765,Grace,Kamau,200
701399407,John,Otieno,50
07o1863507,Rita,Kiptoo,50
2.54745E+11,John,Ochieng,3072
716,Linda,Kamau,500
2.54734E+11,Irene,Otieno,2048
740347875,Brian,Wambui,500
744144248,Kevin,Kamau,5120
2.54739E+11,Peter,Njoroge,3072
759637373,David,Mutiso,500
723230317,Samuel,Mutiso,2048
2.54728E+11,David,Kiptoo,3072
07448787X9,Brian,Kamau,3072
2.54704E+11,Mary,Kiptoo,5120
776739484,Kevin,Mwangi,1024
701369564,Kevin,Kiptoo,50
2.54798E+11,Grace,Mwangi,50
2.54799E+11,Rita,Kariuki,50
2.54794E+11,Linda,Njoroge,200
722980626,Mary,Korir,1024
712618387,David,Korir,500
2.54792E+11,Alex,Kiptoo,2048
756061288,Linda,Otieno,2048
717459582,Irene,Achieng,2048
2.54736E+11,John,Njoroge,3072
2.54756E+11,Brian,Omondi,50
718739769,Rita,Wambui,1024
718465506,Samuel,Mutiso,50
2.54713E+11,Daniel,Kamau,3072
2.54707E+11,Linda,Kariuki,50
711100474,Kevin,Kiptoo,3072
750162117,David,Mwangi,200
719999,Alex,Mutiso,5120
2.54744E+11,Peter,Odhiambo,3072
718035962,Linda,Kariuki,100
2.54753E+11,Mary,Mutiso,100
777978472,Ann,Mutiso,1024
701971229,John,Achieng,1024
791358652,Kevin,Korir,50
734915878,Brian,Mutiso,1024
7785,Jane,Wambui,50
710320817,Grace,Kariuki,350
2.54741E+11,Grace,Wambui,100
25471113,Jane,Omondi,50
2.54749E+11,Kevin,Odhiambo,50
2.54752E+11,Peter,Njoroge,100
753959581,Jane,Mwangi,5120
754821339,Rita,Otieno,100
798535886,Grace,Korir,200
726651605,Irene,Kariuki,3072
729812187,Irene,Otieno,1024
703677397,Samuel,Njoroge,350
723522040,Alex,Mutua,200
2.54718E+11,John,Wambui,100
2.54709E+11,Rita,Omondi,5120
719357635,Rita,Kamau,5120
720298594,Grace,Mutua,5120
2.54705E+11,Samuel,Omondi,5120
711685981,Jane,Wambui,200
711487469,David,Achieng,500
795934935,Kevin,Njoroge,100
2.54744E+11,Grace,Kamau,2048
715228800,John,Omondi,200
740097018,Peter,Korir,5120
738833424,Samuel,Ochieng,1024
2547166240hh,Cynthia,Njoroge,1024
737601120,Brian,Korir,500
2.54707E+11,John,Njoroge,1024
723786234,Mary,Wambui,2048
746908837,Alex,Mutua,2048
729,John,Omondi,100
2.54745E+11,Brian,Mwangi,500
728638385,Samuel,Odhiambo,200
797008623,Grace,Korir,3072
742926591,Samuel,Kariuki,3072
2.54746E+11,Kevin,Korir,50
745155971,John,Mutiso,350
715626700,Linda,Otieno,5120
772520148,Grace,Omondi,200
729028258,Rita,Omondi,500
736056818,Ann,Achieng,50
746596373,Kevin,Kariuki,200
724483155,Jane,Njoroge,3072
2.54756E+11,Ann,Mwangi,2048
73,Kevin,Njoroge,350
2.54704E+11,Grace,Ochieng,5120
732983909,Daniel,Otieno,350
0L11647178,Kevin,Odhiambo,100
799797598,Cynthia,Kariuki,5120
2.54745E+11,Alex,Kariuki,500
0708w4v006,Daniel,Njoroge,5120
2.54727E+11,David,Kariuki,1024
720144323,Ann,Omondi,350
2.54702E+11,David,Kamau,200
706273417,Grace,Mutiso,50
717902398,John,Kariuki,50
7419,Kevin,Odhiambo,2048
721488977,Grace,Mutua,100
729048437,Ann,Mutiso,200
712168046,Rita,Otieno,200
742098646,Linda,Odhiambo,100
722574244,Cynthia,Mwangi,3072
2.5475E+11,Alex,Omondi,100
2.5472E+11,Irene,Njoroge,100
718034492,David,Odhiambo,50
793517039,Jane,Achieng,200
716441,Mary,Mutua,100
2.54731E+11,Mary,Otieno,200
o747553D51,Samuel,Mutiso,200
778030845,John,Mwangi,350
7103,Irene,Wambui,2048
700851935,Kevin,Mutiso,350
2.54727E+11,Irene,Njoroge,5120
706020200,Cynthia,Achieng,2048
754078455,Samuel,Achieng,200
725981251,Kevin,Kamau,100
714949347,Ann,Mwangi,50
770274074,Irene,Ochieng,2048
702856330,Daniel,Mutiso,1024
744818626,Mary,Mutua,2048
795727046,Irene,Korir,1024
703583276,Ann,Korir,350
791188882,Rita,Omondi,3072
704853723,Mary,Omondi,350
796464862,David,Njoroge,50
700774300,Jane,Kiptoo,500
25471,Daniel,Kiptoo,100
732192510,Samuel,Otieno,350
2.54713E+11,Irene,Omondi,100
709847784,Daniel,Mutiso,200
2.54773E+11,Brian,Njoroge,5120
2.54729E+11,Irene,Ochieng,3072
702177941,John,Achieng,5120
748342298,Linda,Achieng,2048
799658893,Peter,Ochieng,3072
70,Peter,Mutiso,5120
731374209,John,Ochieng,200
711812913,Daniel,Mutua,100
2.54701E+11,Irene,Korir,50
2.54715E+11,Linda,Wambui,350
